1	28.75	97.75
2	28.75	97.8
3	28.75	97.9
4	28.7	97.7
5	28.7	97.75
6	28.7	97.8
7	28.7	97.85
8	28.7	97.9
9	28.7	97.95
10	28.7	98
11	28.7	98.05
12	28.65	97.7
13	28.65	97.75
14	28.65	97.8
15	28.65	97.85
16	28.65	97.9
17	28.65	97.95
18	28.65	98
19	28.6	97.7
20	28.6	97.75
21	28.6	97.8
22	28.6	97.85
23	28.6	97.9
24	28.6	97.95
25	28.6	98
26	28.6	98.05
27	28.55	97.65
28	28.55	97.7
29	28.55	97.75
30	28.55	97.8
31	28.55	97.85
32	28.55	97.9
33	28.55	97.95
34	28.55	98
35	28.55	98.05
36	28.55	98.1
37	28.5	97.55
38	28.5	97.6
39	28.5	97.65
40	28.5	97.7
41	28.5	97.75
42	28.5	97.8
43	28.5	97.85
44	28.5	97.9
45	28.5	97.95
46	28.5	98
47	28.5	98.05
48	28.5	98.1
49	28.5	98.15
50	28.45	97.5
51	28.45	97.55
52	28.45	97.6
53	28.45	97.65
54	28.45	97.7
55	28.45	97.75
56	28.45	97.8
57	28.45	97.85
58	28.45	97.9
59	28.45	97.95
60	28.45	98
61	28.45	98.05
62	28.45	98.1
63	28.45	98.15
64	28.45	98.2
65	28.4	97.55
66	28.4	97.6
67	28.4	97.65
68	28.4	97.7
69	28.4	97.75
70	28.4	97.8
71	28.4	97.85
72	28.4	97.9
73	28.4	97.95
74	28.4	98
75	28.4	98.05
76	28.4	98.1
77	28.4	98.15
78	28.4	98.2
79	28.4	98.25
80	28.35	97.5
81	28.35	97.55
82	28.35	97.6
83	28.35	97.65
84	28.35	97.7
85	28.35	97.75
86	28.35	97.8
87	28.35	97.85
88	28.35	97.9
89	28.35	97.95
90	28.35	98
91	28.35	98.05
92	28.35	98.1
93	28.35	98.15
94	28.35	98.2
95	28.35	98.25
96	28.35	98.3
97	28.3	97.5
98	28.3	97.55
99	28.3	97.6
100	28.3	97.65
101	28.3	97.7
102	28.3	97.75
103	28.3	97.8
104	28.3	97.85
105	28.3	97.9
106	28.3	97.95
107	28.3	98
108	28.3	98.05
109	28.3	98.1
110	28.3	98.15
111	28.3	98.2
112	28.3	98.25
113	28.3	98.3
114	28.25	97.45
115	28.25	97.5
116	28.25	97.55
117	28.25	97.6
118	28.25	97.65
119	28.25	97.7
120	28.25	97.75
121	28.25	97.8
122	28.25	97.85
123	28.25	97.9
124	28.25	97.95
125	28.25	98
126	28.25	98.05
127	28.25	98.1
128	28.25	98.15
129	28.25	98.2
130	28.25	98.25
131	28.25	98.3
132	28.25	98.35
133	28.2	97.4
134	28.2	97.45
135	28.2	97.5
136	28.2	97.55
137	28.2	97.6
138	28.2	97.65
139	28.2	97.7
140	28.2	97.75
141	28.2	97.8
142	28.2	97.85
143	28.2	97.9
144	28.2	97.95
145	28.2	98
146	28.2	98.05
147	28.2	98.1
148	28.2	98.15
149	28.2	98.2
150	28.2	98.25
151	28.2	98.3
152	28.2	98.35
153	28.15	97.35
154	28.15	97.4
155	28.15	97.45
156	28.15	97.5
157	28.15	97.55
158	28.15	97.6
159	28.15	97.65
160	28.15	97.7
161	28.15	97.75
162	28.15	97.8
163	28.15	97.85
164	28.15	97.9
165	28.15	97.95
166	28.15	98
167	28.15	98.05
168	28.15	98.1
169	28.15	98.15
170	28.15	98.2
171	28.15	98.25
172	28.15	98.3
173	28.15	98.35
174	28.1	97.35
175	28.1	97.4
176	28.1	97.45
177	28.1	97.5
178	28.1	97.55
179	28.1	97.6
180	28.1	97.65
181	28.1	97.7
182	28.1	97.75
183	28.1	97.8
184	28.1	97.85
185	28.1	97.9
186	28.1	97.95
187	28.1	98
188	28.1	98.05
189	28.1	98.1
190	28.1	98.15
191	28.1	98.2
192	28.1	98.25
193	28.1	98.3
194	28.1	98.35
195	28.05	97.4
196	28.05	97.45
197	28.05	97.5
198	28.05	97.55
199	28.05	97.6
200	28.05	97.65
201	28.05	97.7
202	28.05	97.75
203	28.05	97.8
204	28.05	97.85
205	28.05	97.9
206	28.05	97.95
207	28.05	98
208	28.05	98.05
209	28.05	98.1
210	28.05	98.15
211	28.05	98.2
212	28.05	98.25
213	28.05	98.3
214	28.05	98.35
215	28.05	98.4
216	28	97.4
217	28	97.45
218	28	97.5
219	28	97.55
220	28	97.6
221	28	97.65
222	28	97.7
223	28	97.75
224	28	97.8
225	28	97.85
226	28	97.9
227	28	97.95
228	28	98
229	28	98.05
230	28	98.1
231	28	98.15
232	28	98.2
233	28	98.25
234	28	98.3
235	28	98.35
236	28	98.4
237	27.95	97.4
238	27.95	97.45
239	27.95	97.5
240	27.95	97.55
241	27.95	97.6
242	27.95	97.65
243	27.95	97.7
244	27.95	97.75
245	27.95	97.8
246	27.95	97.85
247	27.95	97.9
248	27.95	97.95
249	27.95	98
250	27.95	98.05
251	27.95	98.1
252	27.95	98.15
253	27.95	98.2
254	27.95	98.25
255	27.95	98.3
256	27.95	98.35
257	27.95	98.4
258	27.95	98.45
259	27.9	97.25
260	27.9	97.3
261	27.9	97.4
262	27.9	97.45
263	27.9	97.5
264	27.9	97.55
265	27.9	97.6
266	27.9	97.65
267	27.9	97.7
268	27.9	97.75
269	27.9	97.8
270	27.9	97.85
271	27.9	97.9
272	27.9	97.95
273	27.9	98
274	27.9	98.05
275	27.9	98.1
276	27.9	98.15
277	27.9	98.2
278	27.9	98.25
279	27.9	98.3
280	27.9	98.35
281	27.9	98.4
282	27.9	98.45
283	27.85	97.2
284	27.85	97.25
285	27.85	97.3
286	27.85	97.35
287	27.85	97.4
288	27.85	97.45
289	27.85	97.5
290	27.85	97.55
291	27.85	97.6
292	27.85	97.65
293	27.85	97.7
294	27.85	97.75
295	27.85	97.8
296	27.85	97.85
297	27.85	97.9
298	27.85	97.95
299	27.85	98
300	27.85	98.05
301	27.85	98.1
302	27.85	98.15
303	27.85	98.2
304	27.85	98.25
305	27.85	98.3
306	27.85	98.35
307	27.85	98.4
308	27.85	98.45
309	27.85	98.5
310	27.8	97.15
311	27.8	97.2
312	27.8	97.25
313	27.8	97.3
314	27.8	97.35
315	27.8	97.4
316	27.8	97.45
317	27.8	97.5
318	27.8	97.55
319	27.8	97.6
320	27.8	97.65
321	27.8	97.7
322	27.8	97.75
323	27.8	97.8
324	27.8	97.85
325	27.8	97.9
326	27.8	97.95
327	27.8	98
328	27.8	98.05
329	27.8	98.1
330	27.8	98.15
331	27.8	98.2
332	27.8	98.25
333	27.8	98.3
334	27.8	98.35
335	27.8	98.4
336	27.8	98.45
337	27.75	97.1
338	27.75	97.15
339	27.75	97.2
340	27.75	97.25
341	27.75	97.3
342	27.75	97.35
343	27.75	97.4
344	27.75	97.45
345	27.75	97.5
346	27.75	97.55
347	27.75	97.6
348	27.75	97.65
349	27.75	97.7
350	27.75	97.75
351	27.75	97.8
352	27.75	97.85
353	27.75	97.9
354	27.75	97.95
355	27.75	98
356	27.75	98.05
357	27.75	98.1
358	27.75	98.15
359	27.75	98.2
360	27.75	98.25
361	27.75	98.3
362	27.75	98.35
363	27.75	98.4
364	27.75	98.45
365	27.7	97
366	27.7	97.05
367	27.7	97.1
368	27.7	97.15
369	27.7	97.2
370	27.7	97.25
371	27.7	97.3
372	27.7	97.35
373	27.7	97.4
374	27.7	97.45
375	27.7	97.5
376	27.7	97.55
377	27.7	97.6
378	27.7	97.65
379	27.7	97.7
380	27.7	97.75
381	27.7	97.8
382	27.7	97.85
383	27.7	97.9
384	27.7	97.95
385	27.7	98
386	27.7	98.05
387	27.7	98.1
388	27.7	98.15
389	27.7	98.2
390	27.7	98.25
391	27.7	98.3
392	27.7	98.35
393	27.7	98.4
394	27.7	98.45
395	27.65	96.95
396	27.65	97
397	27.65	97.05
398	27.65	97.1
399	27.65	97.15
400	27.65	97.2
401	27.65	97.25
402	27.65	97.3
403	27.65	97.35
404	27.65	97.4
405	27.65	97.45
406	27.65	97.5
407	27.65	97.55
408	27.65	97.6
409	27.65	97.65
410	27.65	97.7
411	27.65	97.75
412	27.65	97.8
413	27.65	97.85
414	27.65	97.9
415	27.65	97.95
416	27.65	98
417	27.65	98.05
418	27.65	98.1
419	27.65	98.15
420	27.65	98.2
421	27.65	98.25
422	27.65	98.3
423	27.65	98.35
424	27.65	98.4
425	27.65	98.45
426	27.6	96.9
427	27.6	96.95
428	27.6	97
429	27.6	97.05
430	27.6	97.1
431	27.6	97.15
432	27.6	97.2
433	27.6	97.25
434	27.6	97.3
435	27.6	97.35
436	27.6	97.4
437	27.6	97.45
438	27.6	97.5
439	27.6	97.55
440	27.6	97.6
441	27.6	97.65
442	27.6	97.7
443	27.6	97.75
444	27.6	97.8
445	27.6	97.85
446	27.6	97.9
447	27.6	97.95
448	27.6	98
449	27.6	98.05
450	27.6	98.1
451	27.6	98.15
452	27.6	98.2
453	27.6	98.25
454	27.6	98.3
455	27.6	98.35
456	27.6	98.4
457	27.6	98.45
458	27.6	98.5
459	27.6	98.55
460	27.55	96.95
461	27.55	97
462	27.55	97.05
463	27.55	97.1
464	27.55	97.15
465	27.55	97.2
466	27.55	97.25
467	27.55	97.3
468	27.55	97.35
469	27.55	97.4
470	27.55	97.45
471	27.55	97.5
472	27.55	97.55
473	27.55	97.6
474	27.55	97.65
475	27.55	97.7
476	27.55	97.75
477	27.55	97.8
478	27.55	97.85
479	27.55	97.9
480	27.55	97.95
481	27.55	98
482	27.55	98.05
483	27.55	98.1
484	27.55	98.15
485	27.55	98.2
486	27.55	98.25
487	27.55	98.3
488	27.55	98.35
489	27.55	98.4
490	27.55	98.45
491	27.55	98.5
492	27.55	98.55
493	27.55	98.6
494	27.55	98.65
495	27.55	98.7
496	27.5	96.95
497	27.5	97
498	27.5	97.05
499	27.5	97.1
500	27.5	97.15
501	27.5	97.2
502	27.5	97.25
503	27.5	97.3
504	27.5	97.35
505	27.5	97.4
506	27.5	97.45
507	27.5	97.5
508	27.5	97.55
509	27.5	97.6
510	27.5	97.65
511	27.5	97.7
512	27.5	97.75
513	27.5	97.8
514	27.5	97.85
515	27.5	97.9
516	27.5	97.95
517	27.5	98
518	27.5	98.05
519	27.5	98.1
520	27.5	98.15
521	27.5	98.2
522	27.5	98.25
523	27.5	98.3
524	27.5	98.35
525	27.5	98.4
526	27.5	98.45
527	27.5	98.5
528	27.5	98.55
529	27.5	98.6
530	27.5	98.65
531	27.45	96.95
532	27.45	97
533	27.45	97.05
534	27.45	97.1
535	27.45	97.15
536	27.45	97.2
537	27.45	97.25
538	27.45	97.3
539	27.45	97.35
540	27.45	97.4
541	27.45	97.45
542	27.45	97.5
543	27.45	97.55
544	27.45	97.6
545	27.45	97.65
546	27.45	97.7
547	27.45	97.75
548	27.45	97.8
549	27.45	97.85
550	27.45	97.9
551	27.45	97.95
552	27.45	98
553	27.45	98.05
554	27.45	98.1
555	27.45	98.15
556	27.45	98.2
557	27.45	98.25
558	27.45	98.3
559	27.45	98.35
560	27.45	98.4
561	27.45	98.45
562	27.45	98.5
563	27.45	98.55
564	27.45	98.6
565	27.45	98.65
566	27.4	97
567	27.4	97.05
568	27.4	97.1
569	27.4	97.15
570	27.4	97.2
571	27.4	97.25
572	27.4	97.3
573	27.4	97.35
574	27.4	97.4
575	27.4	97.45
576	27.4	97.5
577	27.4	97.55
578	27.4	97.6
579	27.4	97.65
580	27.4	97.7
581	27.4	97.75
582	27.4	97.8
583	27.4	97.85
584	27.4	97.9
585	27.4	97.95
586	27.4	98
587	27.4	98.05
588	27.4	98.1
589	27.4	98.15
590	27.4	98.2
591	27.4	98.25
592	27.4	98.3
593	27.4	98.35
594	27.4	98.4
595	27.4	98.45
596	27.4	98.5
597	27.4	98.55
598	27.4	98.6
599	27.4	98.65
600	27.4	98.7
601	27.35	96.6
602	27.35	96.65
603	27.35	96.7
604	27.35	96.75
605	27.35	97
606	27.35	97.05
607	27.35	97.1
608	27.35	97.15
609	27.35	97.2
610	27.35	97.25
611	27.35	97.3
612	27.35	97.35
613	27.35	97.4
614	27.35	97.45
615	27.35	97.5
616	27.35	97.55
617	27.35	97.6
618	27.35	97.65
619	27.35	97.7
620	27.35	97.75
621	27.35	97.8
622	27.35	97.85
623	27.35	97.9
624	27.35	97.95
625	27.35	98
626	27.35	98.05
627	27.35	98.1
628	27.35	98.15
629	27.35	98.2
630	27.35	98.25
631	27.35	98.3
632	27.35	98.35
633	27.35	98.4
634	27.35	98.45
635	27.35	98.5
636	27.35	98.55
637	27.35	98.6
638	27.35	98.65
639	27.35	98.7
640	27.3	96.45
641	27.3	96.55
642	27.3	96.6
643	27.3	96.65
644	27.3	96.7
645	27.3	96.75
646	27.3	96.8
647	27.3	97.05
648	27.3	97.1
649	27.3	97.15
650	27.3	97.2
651	27.3	97.25
652	27.3	97.3
653	27.3	97.35
654	27.3	97.4
655	27.3	97.45
656	27.3	97.5
657	27.3	97.55
658	27.3	97.6
659	27.3	97.65
660	27.3	97.7
661	27.3	97.75
662	27.3	97.8
663	27.3	97.85
664	27.3	97.9
665	27.3	97.95
666	27.3	98
667	27.3	98.05
668	27.3	98.1
669	27.3	98.15
670	27.3	98.2
671	27.3	98.25
672	27.3	98.3
673	27.3	98.35
674	27.3	98.4
675	27.3	98.45
676	27.3	98.5
677	27.3	98.55
678	27.3	98.6
679	27.3	98.65
680	27.3	98.7
681	27.25	96.2
682	27.25	96.25
683	27.25	96.3
684	27.25	96.35
685	27.25	96.4
686	27.25	96.45
687	27.25	96.5
688	27.25	96.55
689	27.25	96.6
690	27.25	96.65
691	27.25	96.7
692	27.25	96.75
693	27.25	96.8
694	27.25	96.85
695	27.25	97.1
696	27.25	97.15
697	27.25	97.2
698	27.25	97.25
699	27.25	97.3
700	27.25	97.35
701	27.25	97.4
702	27.25	97.45
703	27.25	97.5
704	27.25	97.55
705	27.25	97.6
706	27.25	97.65
707	27.25	97.7
708	27.25	97.75
709	27.25	97.8
710	27.25	97.85
711	27.25	97.9
712	27.25	97.95
713	27.25	98
714	27.25	98.05
715	27.25	98.1
716	27.25	98.15
717	27.25	98.2
718	27.25	98.25
719	27.25	98.3
720	27.25	98.35
721	27.25	98.4
722	27.25	98.45
723	27.25	98.5
724	27.25	98.55
725	27.25	98.6
726	27.25	98.65
727	27.25	98.7
728	27.2	96.1
729	27.2	96.15
730	27.2	96.2
731	27.2	96.25
732	27.2	96.3
733	27.2	96.35
734	27.2	96.4
735	27.2	96.45
736	27.2	96.5
737	27.2	96.55
738	27.2	96.6
739	27.2	96.65
740	27.2	96.7
741	27.2	96.75
742	27.2	96.8
743	27.2	96.85
744	27.2	97.15
745	27.2	97.2
746	27.2	97.25
747	27.2	97.3
748	27.2	97.35
749	27.2	97.4
750	27.2	97.45
751	27.2	97.5
752	27.2	97.55
753	27.2	97.6
754	27.2	97.65
755	27.2	97.7
756	27.2	97.75
757	27.2	97.8
758	27.2	97.85
759	27.2	97.9
760	27.2	97.95
761	27.2	98
762	27.2	98.05
763	27.2	98.1
764	27.2	98.15
765	27.2	98.2
766	27.2	98.25
767	27.2	98.3
768	27.2	98.35
769	27.2	98.4
770	27.2	98.45
771	27.2	98.5
772	27.2	98.55
773	27.2	98.6
774	27.2	98.65
775	27.15	96.05
776	27.15	96.1
777	27.15	96.15
778	27.15	96.2
779	27.15	96.25
780	27.15	96.3
781	27.15	96.35
782	27.15	96.4
783	27.15	96.45
784	27.15	96.5
785	27.15	96.55
786	27.15	96.6
787	27.15	96.65
788	27.15	96.7
789	27.15	96.75
790	27.15	96.8
791	27.15	96.85
792	27.15	96.9
793	27.15	96.95
794	27.15	97.2
795	27.15	97.25
796	27.15	97.3
797	27.15	97.35
798	27.15	97.4
799	27.15	97.45
800	27.15	97.5
801	27.15	97.55
802	27.15	97.6
803	27.15	97.65
804	27.15	97.7
805	27.15	97.75
806	27.15	97.8
807	27.15	97.85
808	27.15	97.9
809	27.15	97.95
810	27.15	98
811	27.15	98.05
812	27.15	98.1
813	27.15	98.15
814	27.15	98.2
815	27.15	98.25
816	27.15	98.3
817	27.15	98.35
818	27.15	98.4
819	27.15	98.45
820	27.15	98.5
821	27.15	98.55
822	27.15	98.6
823	27.15	98.65
824	27.15	98.7
825	27.1	96
826	27.1	96.05
827	27.1	96.1
828	27.1	96.15
829	27.1	96.2
830	27.1	96.25
831	27.1	96.3
832	27.1	96.35
833	27.1	96.4
834	27.1	96.45
835	27.1	96.5
836	27.1	96.55
837	27.1	96.6
838	27.1	96.65
839	27.1	96.7
840	27.1	96.75
841	27.1	96.8
842	27.1	96.85
843	27.1	96.9
844	27.1	96.95
845	27.1	97
846	27.1	97.05
847	27.1	97.1
848	27.1	97.15
849	27.1	97.2
850	27.1	97.25
851	27.1	97.3
852	27.1	97.35
853	27.1	97.4
854	27.1	97.45
855	27.1	97.5
856	27.1	97.55
857	27.1	97.6
858	27.1	97.65
859	27.1	97.7
860	27.1	97.75
861	27.1	97.8
862	27.1	97.85
863	27.1	97.9
864	27.1	97.95
865	27.1	98
866	27.1	98.05
867	27.1	98.1
868	27.1	98.15
869	27.1	98.2
870	27.1	98.25
871	27.1	98.3
872	27.1	98.35
873	27.1	98.4
874	27.1	98.45
875	27.1	98.5
876	27.1	98.55
877	27.1	98.6
878	27.1	98.65
879	27.1	98.7
880	27.05	95.95
881	27.05	96
882	27.05	96.05
883	27.05	96.1
884	27.05	96.15
885	27.05	96.2
886	27.05	96.25
887	27.05	96.3
888	27.05	96.35
889	27.05	96.4
890	27.05	96.45
891	27.05	96.5
892	27.05	96.55
893	27.05	96.6
894	27.05	96.65
895	27.05	96.7
896	27.05	96.75
897	27.05	96.8
898	27.05	96.85
899	27.05	96.9
900	27.05	96.95
901	27.05	97
902	27.05	97.05
903	27.05	97.1
904	27.05	97.15
905	27.05	97.2
906	27.05	97.25
907	27.05	97.3
908	27.05	97.35
909	27.05	97.4
910	27.05	97.45
911	27.05	97.5
912	27.05	97.55
913	27.05	97.6
914	27.05	97.65
915	27.05	97.7
916	27.05	97.75
917	27.05	97.8
918	27.05	97.85
919	27.05	97.9
920	27.05	97.95
921	27.05	98
922	27.05	98.05
923	27.05	98.1
924	27.05	98.15
925	27.05	98.2
926	27.05	98.25
927	27.05	98.3
928	27.05	98.35
929	27.05	98.4
930	27.05	98.45
931	27.05	98.5
932	27.05	98.55
933	27.05	98.6
934	27.05	98.65
935	27.05	98.7
936	27.05	98.75
937	27	95.8
938	27	95.85
939	27	95.9
940	27	95.95
941	27	96
942	27	96.05
943	27	96.1
944	27	96.15
945	27	96.2
946	27	96.25
947	27	96.3
948	27	96.35
949	27	96.4
950	27	96.45
951	27	96.5
952	27	96.55
953	27	96.6
954	27	96.65
955	27	96.7
956	27	96.75
957	27	96.8
958	27	96.85
959	27	96.9
960	27	96.95
961	27	97
962	27	97.05
963	27	97.1
964	27	97.15
965	27	97.2
966	27	97.25
967	27	97.3
968	27	97.35
969	27	97.4
970	27	97.45
971	27	97.5
972	27	97.55
973	27	97.6
974	27	97.65
975	27	97.7
976	27	97.75
977	27	97.8
978	27	97.85
979	27	97.9
980	27	97.95
981	27	98
982	27	98.05
983	27	98.1
984	27	98.15
985	27	98.2
986	27	98.25
987	27	98.3
988	27	98.35
989	27	98.4
990	27	98.45
991	27	98.5
992	27	98.55
993	27	98.6
994	27	98.65
995	27	98.7
996	26.95	95.8
997	26.95	95.85
998	26.95	95.9
999	26.95	95.95
1000	26.95	96
1001	26.95	96.05
1002	26.95	96.1
1003	26.95	96.15
1004	26.95	96.2
1005	26.95	96.25
1006	26.95	96.3
1007	26.95	96.35
1008	26.95	96.4
1009	26.95	96.45
1010	26.95	96.5
1011	26.95	96.55
1012	26.95	96.6
1013	26.95	96.65
1014	26.95	96.7
1015	26.95	96.75
1016	26.95	96.8
1017	26.95	96.85
1018	26.95	96.9
1019	26.95	96.95
1020	26.95	97
1021	26.95	97.05
1022	26.95	97.1
1023	26.95	97.15
1024	26.95	97.2
1025	26.95	97.25
1026	26.95	97.3
1027	26.95	97.35
1028	26.95	97.4
1029	26.95	97.45
1030	26.95	97.5
1031	26.95	97.55
1032	26.95	97.6
1033	26.95	97.65
1034	26.95	97.7
1035	26.95	97.75
1036	26.95	97.8
1037	26.95	97.85
1038	26.95	97.9
1039	26.95	97.95
1040	26.95	98
1041	26.95	98.05
1042	26.95	98.1
1043	26.95	98.15
1044	26.95	98.2
1045	26.95	98.25
1046	26.95	98.3
1047	26.95	98.35
1048	26.95	98.4
1049	26.95	98.45
1050	26.95	98.5
1051	26.95	98.55
1052	26.95	98.6
1053	26.95	98.65
1054	26.95	98.7
1055	26.9	95.75
1056	26.9	95.8
1057	26.9	95.85
1058	26.9	95.9
1059	26.9	95.95
1060	26.9	96
1061	26.9	96.05
1062	26.9	96.1
1063	26.9	96.15
1064	26.9	96.2
1065	26.9	96.25
1066	26.9	96.3
1067	26.9	96.35
1068	26.9	96.4
1069	26.9	96.45
1070	26.9	96.5
1071	26.9	96.55
1072	26.9	96.6
1073	26.9	96.65
1074	26.9	96.7
1075	26.9	96.75
1076	26.9	96.8
1077	26.9	96.85
1078	26.9	96.9
1079	26.9	96.95
1080	26.9	97
1081	26.9	97.05
1082	26.9	97.1
1083	26.9	97.15
1084	26.9	97.2
1085	26.9	97.25
1086	26.9	97.3
1087	26.9	97.35
1088	26.9	97.4
1089	26.9	97.45
1090	26.9	97.5
1091	26.9	97.55
1092	26.9	97.6
1093	26.9	97.65
1094	26.9	97.7
1095	26.9	97.75
1096	26.9	97.8
1097	26.9	97.85
1098	26.9	97.9
1099	26.9	97.95
1100	26.9	98
1101	26.9	98.05
1102	26.9	98.1
1103	26.9	98.15
1104	26.9	98.2
1105	26.9	98.25
1106	26.9	98.3
1107	26.9	98.35
1108	26.9	98.4
1109	26.9	98.45
1110	26.9	98.5
1111	26.9	98.55
1112	26.9	98.6
1113	26.9	98.65
1114	26.9	98.7
1115	26.9	98.75
1116	26.85	95.65
1117	26.85	95.7
1118	26.85	95.75
1119	26.85	95.8
1120	26.85	95.85
1121	26.85	95.9
1122	26.85	95.95
1123	26.85	96
1124	26.85	96.05
1125	26.85	96.1
1126	26.85	96.15
1127	26.85	96.2
1128	26.85	96.25
1129	26.85	96.3
1130	26.85	96.35
1131	26.85	96.4
1132	26.85	96.45
1133	26.85	96.5
1134	26.85	96.55
1135	26.85	96.6
1136	26.85	96.65
1137	26.85	96.7
1138	26.85	96.75
1139	26.85	96.8
1140	26.85	96.85
1141	26.85	96.9
1142	26.85	96.95
1143	26.85	97
1144	26.85	97.05
1145	26.85	97.1
1146	26.85	97.15
1147	26.85	97.2
1148	26.85	97.25
1149	26.85	97.3
1150	26.85	97.35
1151	26.85	97.4
1152	26.85	97.45
1153	26.85	97.5
1154	26.85	97.55
1155	26.85	97.6
1156	26.85	97.65
1157	26.85	97.7
1158	26.85	97.75
1159	26.85	97.8
1160	26.85	97.85
1161	26.85	97.9
1162	26.85	97.95
1163	26.85	98
1164	26.85	98.05
1165	26.85	98.1
1166	26.85	98.15
1167	26.85	98.2
1168	26.85	98.25
1169	26.85	98.3
1170	26.85	98.35
1171	26.85	98.4
1172	26.85	98.45
1173	26.85	98.5
1174	26.85	98.55
1175	26.85	98.6
1176	26.85	98.65
1177	26.85	98.7
1178	26.8	95.55
1179	26.8	95.6
1180	26.8	95.65
1181	26.8	95.7
1182	26.8	95.75
1183	26.8	95.8
1184	26.8	95.85
1185	26.8	95.9
1186	26.8	95.95
1187	26.8	96
1188	26.8	96.05
1189	26.8	96.1
1190	26.8	96.15
1191	26.8	96.2
1192	26.8	96.25
1193	26.8	96.3
1194	26.8	96.35
1195	26.8	96.4
1196	26.8	96.45
1197	26.8	96.5
1198	26.8	96.55
1199	26.8	96.6
1200	26.8	96.65
1201	26.8	96.7
1202	26.8	96.75
1203	26.8	96.8
1204	26.8	96.85
1205	26.8	96.9
1206	26.8	96.95
1207	26.8	97
1208	26.8	97.05
1209	26.8	97.1
1210	26.8	97.15
1211	26.8	97.2
1212	26.8	97.25
1213	26.8	97.3
1214	26.8	97.35
1215	26.8	97.4
1216	26.8	97.45
1217	26.8	97.5
1218	26.8	97.55
1219	26.8	97.6
1220	26.8	97.65
1221	26.8	97.7
1222	26.8	97.75
1223	26.8	97.8
1224	26.8	97.85
1225	26.8	97.9
1226	26.8	97.95
1227	26.8	98
1228	26.8	98.05
1229	26.8	98.1
1230	26.8	98.15
1231	26.8	98.2
1232	26.8	98.25
1233	26.8	98.3
1234	26.8	98.35
1235	26.8	98.4
1236	26.8	98.45
1237	26.8	98.5
1238	26.8	98.55
1239	26.8	98.6
1240	26.8	98.65
1241	26.8	98.7
1242	26.8	98.75
1243	26.75	95.5
1244	26.75	95.55
1245	26.75	95.6
1246	26.75	95.65
1247	26.75	95.7
1248	26.75	95.75
1249	26.75	95.8
1250	26.75	95.85
1251	26.75	95.9
1252	26.75	95.95
1253	26.75	96
1254	26.75	96.05
1255	26.75	96.1
1256	26.75	96.15
1257	26.75	96.2
1258	26.75	96.25
1259	26.75	96.3
1260	26.75	96.35
1261	26.75	96.4
1262	26.75	96.45
1263	26.75	96.5
1264	26.75	96.55
1265	26.75	96.6
1266	26.75	96.65
1267	26.75	96.7
1268	26.75	96.75
1269	26.75	96.8
1270	26.75	96.85
1271	26.75	96.9
1272	26.75	96.95
1273	26.75	97
1274	26.75	97.05
1275	26.75	97.1
1276	26.75	97.15
1277	26.75	97.2
1278	26.75	97.25
1279	26.75	97.3
1280	26.75	97.35
1281	26.75	97.4
1282	26.75	97.45
1283	26.75	97.5
1284	26.75	97.55
1285	26.75	97.6
1286	26.75	97.65
1287	26.75	97.7
1288	26.75	97.75
1289	26.75	97.8
1290	26.75	97.85
1291	26.75	97.9
1292	26.75	97.95
1293	26.75	98
1294	26.75	98.05
1295	26.75	98.1
1296	26.75	98.15
1297	26.75	98.2
1298	26.75	98.25
1299	26.75	98.3
1300	26.75	98.35
1301	26.75	98.4
1302	26.75	98.45
1303	26.75	98.5
1304	26.75	98.55
1305	26.75	98.6
1306	26.75	98.65
1307	26.75	98.7
1308	26.75	98.75
1309	26.7	95.45
1310	26.7	95.5
1311	26.7	95.55
1312	26.7	95.6
1313	26.7	95.65
1314	26.7	95.7
1315	26.7	95.75
1316	26.7	95.8
1317	26.7	95.85
1318	26.7	95.9
1319	26.7	95.95
1320	26.7	96
1321	26.7	96.05
1322	26.7	96.1
1323	26.7	96.15
1324	26.7	96.2
1325	26.7	96.25
1326	26.7	96.3
1327	26.7	96.35
1328	26.7	96.4
1329	26.7	96.45
1330	26.7	96.5
1331	26.7	96.55
1332	26.7	96.6
1333	26.7	96.65
1334	26.7	96.7
1335	26.7	96.75
1336	26.7	96.8
1337	26.7	96.85
1338	26.7	96.9
1339	26.7	96.95
1340	26.7	97
1341	26.7	97.05
1342	26.7	97.1
1343	26.7	97.15
1344	26.7	97.2
1345	26.7	97.25
1346	26.7	97.3
1347	26.7	97.35
1348	26.7	97.4
1349	26.7	97.45
1350	26.7	97.5
1351	26.7	97.55
1352	26.7	97.6
1353	26.7	97.65
1354	26.7	97.7
1355	26.7	97.75
1356	26.7	97.8
1357	26.7	97.85
1358	26.7	97.9
1359	26.7	97.95
1360	26.7	98
1361	26.7	98.05
1362	26.7	98.1
1363	26.7	98.15
1364	26.7	98.2
1365	26.7	98.25
1366	26.7	98.3
1367	26.7	98.35
1368	26.7	98.4
1369	26.7	98.45
1370	26.7	98.5
1371	26.7	98.55
1372	26.7	98.6
1373	26.7	98.65
1374	26.7	98.7
1375	26.7	98.75
1376	26.65	95.25
1377	26.65	95.3
1378	26.65	95.35
1379	26.65	95.4
1380	26.65	95.45
1381	26.65	95.5
1382	26.65	95.55
1383	26.65	95.6
1384	26.65	95.65
1385	26.65	95.7
1386	26.65	95.75
1387	26.65	95.8
1388	26.65	95.85
1389	26.65	95.9
1390	26.65	95.95
1391	26.65	96
1392	26.65	96.05
1393	26.65	96.1
1394	26.65	96.15
1395	26.65	96.2
1396	26.65	96.25
1397	26.65	96.3
1398	26.65	96.35
1399	26.65	96.4
1400	26.65	96.45
1401	26.65	96.5
1402	26.65	96.55
1403	26.65	96.6
1404	26.65	96.65
1405	26.65	96.7
1406	26.65	96.75
1407	26.65	96.8
1408	26.65	96.85
1409	26.65	96.9
1410	26.65	96.95
1411	26.65	97
1412	26.65	97.05
1413	26.65	97.1
1414	26.65	97.15
1415	26.65	97.2
1416	26.65	97.25
1417	26.65	97.3
1418	26.65	97.35
1419	26.65	97.4
1420	26.65	97.45
1421	26.65	97.5
1422	26.65	97.55
1423	26.65	97.6
1424	26.65	97.65
1425	26.65	97.7
1426	26.65	97.75
1427	26.65	97.8
1428	26.65	97.85
1429	26.65	97.9
1430	26.65	97.95
1431	26.65	98
1432	26.65	98.05
1433	26.65	98.1
1434	26.65	98.15
1435	26.65	98.2
1436	26.65	98.25
1437	26.65	98.3
1438	26.65	98.35
1439	26.65	98.4
1440	26.65	98.45
1441	26.65	98.5
1442	26.65	98.55
1443	26.65	98.6
1444	26.65	98.65
1445	26.65	98.7
1446	26.65	98.75
1447	26.6	95.15
1448	26.6	95.2
1449	26.6	95.25
1450	26.6	95.3
1451	26.6	95.35
1452	26.6	95.4
1453	26.6	95.45
1454	26.6	95.5
1455	26.6	95.55
1456	26.6	95.6
1457	26.6	95.65
1458	26.6	95.7
1459	26.6	95.75
1460	26.6	95.8
1461	26.6	95.85
1462	26.6	95.9
1463	26.6	95.95
1464	26.6	96
1465	26.6	96.05
1466	26.6	96.1
1467	26.6	96.15
1468	26.6	96.2
1469	26.6	96.25
1470	26.6	96.3
1471	26.6	96.35
1472	26.6	96.4
1473	26.6	96.45
1474	26.6	96.5
1475	26.6	96.55
1476	26.6	96.6
1477	26.6	96.65
1478	26.6	96.7
1479	26.6	96.75
1480	26.6	96.8
1481	26.6	96.85
1482	26.6	96.9
1483	26.6	96.95
1484	26.6	97
1485	26.6	97.05
1486	26.6	97.1
1487	26.6	97.15
1488	26.6	97.2
1489	26.6	97.25
1490	26.6	97.3
1491	26.6	97.35
1492	26.6	97.4
1493	26.6	97.45
1494	26.6	97.5
1495	26.6	97.55
1496	26.6	97.6
1497	26.6	97.65
1498	26.6	97.7
1499	26.6	97.75
1500	26.6	97.8
1501	26.6	97.85
1502	26.6	97.9
1503	26.6	97.95
1504	26.6	98
1505	26.6	98.05
1506	26.6	98.1
1507	26.6	98.15
1508	26.6	98.2
1509	26.6	98.25
1510	26.6	98.3
1511	26.6	98.35
1512	26.6	98.4
1513	26.6	98.45
1514	26.6	98.5
1515	26.6	98.55
1516	26.6	98.6
1517	26.6	98.65
1518	26.6	98.7
1519	26.6	98.75
1520	26.55	95.15
1521	26.55	95.2
1522	26.55	95.25
1523	26.55	95.3
1524	26.55	95.35
1525	26.55	95.4
1526	26.55	95.45
1527	26.55	95.5
1528	26.55	95.55
1529	26.55	95.6
1530	26.55	95.65
1531	26.55	95.7
1532	26.55	95.75
1533	26.55	95.8
1534	26.55	95.85
1535	26.55	95.9
1536	26.55	95.95
1537	26.55	96
1538	26.55	96.05
1539	26.55	96.1
1540	26.55	96.15
1541	26.55	96.2
1542	26.55	96.25
1543	26.55	96.3
1544	26.55	96.35
1545	26.55	96.4
1546	26.55	96.45
1547	26.55	96.5
1548	26.55	96.55
1549	26.55	96.6
1550	26.55	96.65
1551	26.55	96.7
1552	26.55	96.75
1553	26.55	96.8
1554	26.55	96.85
1555	26.55	96.9
1556	26.55	96.95
1557	26.55	97
1558	26.55	97.05
1559	26.55	97.1
1560	26.55	97.15
1561	26.55	97.2
1562	26.55	97.25
1563	26.55	97.3
1564	26.55	97.35
1565	26.55	97.4
1566	26.55	97.45
1567	26.55	97.5
1568	26.55	97.55
1569	26.55	97.6
1570	26.55	97.65
1571	26.55	97.7
1572	26.55	97.75
1573	26.55	97.8
1574	26.55	97.85
1575	26.55	97.9
1576	26.55	97.95
1577	26.55	98
1578	26.55	98.05
1579	26.55	98.1
1580	26.55	98.15
1581	26.55	98.2
1582	26.55	98.25
1583	26.55	98.3
1584	26.55	98.35
1585	26.55	98.4
1586	26.55	98.45
1587	26.55	98.5
1588	26.55	98.55
1589	26.55	98.6
1590	26.55	98.65
1591	26.55	98.7
1592	26.55	98.75
1593	26.5	95.15
1594	26.5	95.2
1595	26.5	95.25
1596	26.5	95.3
1597	26.5	95.35
1598	26.5	95.4
1599	26.5	95.45
1600	26.5	95.5
1601	26.5	95.55
1602	26.5	95.6
1603	26.5	95.65
1604	26.5	95.7
1605	26.5	95.75
1606	26.5	95.8
1607	26.5	95.85
1608	26.5	95.9
1609	26.5	95.95
1610	26.5	96
1611	26.5	96.05
1612	26.5	96.1
1613	26.5	96.15
1614	26.5	96.2
1615	26.5	96.25
1616	26.5	96.3
1617	26.5	96.35
1618	26.5	96.4
1619	26.5	96.45
1620	26.5	96.5
1621	26.5	96.55
1622	26.5	96.6
1623	26.5	96.65
1624	26.5	96.7
1625	26.5	96.75
1626	26.5	96.8
1627	26.5	96.85
1628	26.5	96.9
1629	26.5	96.95
1630	26.5	97
1631	26.5	97.05
1632	26.5	97.1
1633	26.5	97.15
1634	26.5	97.2
1635	26.5	97.25
1636	26.5	97.3
1637	26.5	97.35
1638	26.5	97.4
1639	26.5	97.45
1640	26.5	97.5
1641	26.5	97.55
1642	26.5	97.6
1643	26.5	97.65
1644	26.5	97.7
1645	26.5	97.75
1646	26.5	97.8
1647	26.5	97.85
1648	26.5	97.9
1649	26.5	97.95
1650	26.5	98
1651	26.5	98.05
1652	26.5	98.1
1653	26.5	98.15
1654	26.5	98.2
1655	26.5	98.25
1656	26.5	98.3
1657	26.5	98.35
1658	26.5	98.4
1659	26.5	98.45
1660	26.5	98.5
1661	26.5	98.55
1662	26.5	98.6
1663	26.5	98.65
1664	26.5	98.7
1665	26.5	98.75
1666	26.45	95.1
1667	26.45	95.15
1668	26.45	95.2
1669	26.45	95.25
1670	26.45	95.3
1671	26.45	95.35
1672	26.45	95.4
1673	26.45	95.45
1674	26.45	95.5
1675	26.45	95.55
1676	26.45	95.6
1677	26.45	95.65
1678	26.45	95.7
1679	26.45	95.75
1680	26.45	95.8
1681	26.45	95.85
1682	26.45	95.9
1683	26.45	95.95
1684	26.45	96
1685	26.45	96.05
1686	26.45	96.1
1687	26.45	96.15
1688	26.45	96.2
1689	26.45	96.25
1690	26.45	96.3
1691	26.45	96.35
1692	26.45	96.4
1693	26.45	96.45
1694	26.45	96.5
1695	26.45	96.55
1696	26.45	96.6
1697	26.45	96.65
1698	26.45	96.7
1699	26.45	96.75
1700	26.45	96.8
1701	26.45	96.85
1702	26.45	96.9
1703	26.45	96.95
1704	26.45	97
1705	26.45	97.05
1706	26.45	97.1
1707	26.45	97.15
1708	26.45	97.2
1709	26.45	97.25
1710	26.45	97.3
1711	26.45	97.35
1712	26.45	97.4
1713	26.45	97.45
1714	26.45	97.5
1715	26.45	97.55
1716	26.45	97.6
1717	26.45	97.65
1718	26.45	97.7
1719	26.45	97.75
1720	26.45	97.8
1721	26.45	97.85
1722	26.45	97.9
1723	26.45	97.95
1724	26.45	98
1725	26.45	98.05
1726	26.45	98.1
1727	26.45	98.15
1728	26.45	98.2
1729	26.45	98.25
1730	26.45	98.3
1731	26.45	98.35
1732	26.45	98.4
1733	26.45	98.45
1734	26.45	98.5
1735	26.45	98.55
1736	26.45	98.6
1737	26.45	98.65
1738	26.45	98.7
1739	26.4	95.1
1740	26.4	95.15
1741	26.4	95.2
1742	26.4	95.25
1743	26.4	95.3
1744	26.4	95.35
1745	26.4	95.4
1746	26.4	95.45
1747	26.4	95.5
1748	26.4	95.55
1749	26.4	95.6
1750	26.4	95.65
1751	26.4	95.7
1752	26.4	95.75
1753	26.4	95.8
1754	26.4	95.85
1755	26.4	95.9
1756	26.4	95.95
1757	26.4	96
1758	26.4	96.05
1759	26.4	96.1
1760	26.4	96.15
1761	26.4	96.2
1762	26.4	96.25
1763	26.4	96.3
1764	26.4	96.35
1765	26.4	96.4
1766	26.4	96.45
1767	26.4	96.5
1768	26.4	96.55
1769	26.4	96.6
1770	26.4	96.65
1771	26.4	96.7
1772	26.4	96.75
1773	26.4	96.8
1774	26.4	96.85
1775	26.4	96.9
1776	26.4	96.95
1777	26.4	97
1778	26.4	97.05
1779	26.4	97.1
1780	26.4	97.15
1781	26.4	97.2
1782	26.4	97.25
1783	26.4	97.3
1784	26.4	97.35
1785	26.4	97.4
1786	26.4	97.45
1787	26.4	97.5
1788	26.4	97.55
1789	26.4	97.6
1790	26.4	97.65
1791	26.4	97.7
1792	26.4	97.75
1793	26.4	97.8
1794	26.4	97.85
1795	26.4	97.9
1796	26.4	97.95
1797	26.4	98
1798	26.4	98.05
1799	26.4	98.1
1800	26.4	98.15
1801	26.4	98.2
1802	26.4	98.25
1803	26.4	98.3
1804	26.4	98.35
1805	26.4	98.4
1806	26.4	98.45
1807	26.4	98.5
1808	26.4	98.55
1809	26.4	98.6
1810	26.4	98.65
1811	26.4	98.7
1812	26.35	95.1
1813	26.35	95.15
1814	26.35	95.2
1815	26.35	95.25
1816	26.35	95.3
1817	26.35	95.35
1818	26.35	95.4
1819	26.35	95.45
1820	26.35	95.5
1821	26.35	95.55
1822	26.35	95.6
1823	26.35	95.65
1824	26.35	95.7
1825	26.35	95.75
1826	26.35	95.8
1827	26.35	95.85
1828	26.35	95.9
1829	26.35	95.95
1830	26.35	96
1831	26.35	96.05
1832	26.35	96.1
1833	26.35	96.15
1834	26.35	96.2
1835	26.35	96.25
1836	26.35	96.3
1837	26.35	96.35
1838	26.35	96.4
1839	26.35	96.45
1840	26.35	96.5
1841	26.35	96.55
1842	26.35	96.6
1843	26.35	96.65
1844	26.35	96.7
1845	26.35	96.75
1846	26.35	96.8
1847	26.35	96.85
1848	26.35	96.9
1849	26.35	96.95
1850	26.35	97
1851	26.35	97.05
1852	26.35	97.1
1853	26.35	97.15
1854	26.35	97.2
1855	26.35	97.25
1856	26.35	97.3
1857	26.35	97.35
1858	26.35	97.4
1859	26.35	97.45
1860	26.35	97.5
1861	26.35	97.55
1862	26.35	97.6
1863	26.35	97.65
1864	26.35	97.7
1865	26.35	97.75
1866	26.35	97.8
1867	26.35	97.85
1868	26.35	97.9
1869	26.35	97.95
1870	26.35	98
1871	26.35	98.05
1872	26.35	98.1
1873	26.35	98.15
1874	26.35	98.2
1875	26.35	98.25
1876	26.35	98.3
1877	26.35	98.35
1878	26.35	98.4
1879	26.35	98.45
1880	26.35	98.5
1881	26.35	98.55
1882	26.35	98.6
1883	26.35	98.65
1884	26.35	98.7
1885	26.3	95
1886	26.3	95.05
1887	26.3	95.1
1888	26.3	95.15
1889	26.3	95.2
1890	26.3	95.25
1891	26.3	95.3
1892	26.3	95.35
1893	26.3	95.4
1894	26.3	95.45
1895	26.3	95.5
1896	26.3	95.55
1897	26.3	95.6
1898	26.3	95.65
1899	26.3	95.7
1900	26.3	95.75
1901	26.3	95.8
1902	26.3	95.85
1903	26.3	95.9
1904	26.3	95.95
1905	26.3	96
1906	26.3	96.05
1907	26.3	96.1
1908	26.3	96.15
1909	26.3	96.2
1910	26.3	96.25
1911	26.3	96.3
1912	26.3	96.35
1913	26.3	96.4
1914	26.3	96.45
1915	26.3	96.5
1916	26.3	96.55
1917	26.3	96.6
1918	26.3	96.65
1919	26.3	96.7
1920	26.3	96.75
1921	26.3	96.8
1922	26.3	96.85
1923	26.3	96.9
1924	26.3	96.95
1925	26.3	97
1926	26.3	97.05
1927	26.3	97.1
1928	26.3	97.15
1929	26.3	97.2
1930	26.3	97.25
1931	26.3	97.3
1932	26.3	97.35
1933	26.3	97.4
1934	26.3	97.45
1935	26.3	97.5
1936	26.3	97.55
1937	26.3	97.6
1938	26.3	97.65
1939	26.3	97.7
1940	26.3	97.75
1941	26.3	97.8
1942	26.3	97.85
1943	26.3	97.9
1944	26.3	97.95
1945	26.3	98
1946	26.3	98.05
1947	26.3	98.1
1948	26.3	98.15
1949	26.3	98.2
1950	26.3	98.25
1951	26.3	98.3
1952	26.3	98.35
1953	26.3	98.4
1954	26.3	98.45
1955	26.3	98.5
1956	26.3	98.55
1957	26.3	98.6
1958	26.3	98.65
1959	26.25	94.95
1960	26.25	95
1961	26.25	95.05
1962	26.25	95.1
1963	26.25	95.15
1964	26.25	95.2
1965	26.25	95.25
1966	26.25	95.3
1967	26.25	95.35
1968	26.25	95.4
1969	26.25	95.45
1970	26.25	95.5
1971	26.25	95.55
1972	26.25	95.6
1973	26.25	95.65
1974	26.25	95.7
1975	26.25	95.75
1976	26.25	95.8
1977	26.25	95.85
1978	26.25	95.9
1979	26.25	95.95
1980	26.25	96
1981	26.25	96.05
1982	26.25	96.1
1983	26.25	96.15
1984	26.25	96.2
1985	26.25	96.25
1986	26.25	96.3
1987	26.25	96.35
1988	26.25	96.4
1989	26.25	96.45
1990	26.25	96.5
1991	26.25	96.55
1992	26.25	96.6
1993	26.25	96.65
1994	26.25	96.7
1995	26.25	96.75
1996	26.25	96.8
1997	26.25	96.85
1998	26.25	96.9
1999	26.25	96.95
2000	26.25	97
2001	26.25	97.05
2002	26.25	97.1
2003	26.25	97.15
2004	26.25	97.2
2005	26.25	97.25
2006	26.25	97.3
2007	26.25	97.35
2008	26.25	97.4
2009	26.25	97.45
2010	26.25	97.5
2011	26.25	97.55
2012	26.25	97.6
2013	26.25	97.65
2014	26.25	97.7
2015	26.25	97.75
2016	26.25	97.8
2017	26.25	97.85
2018	26.25	97.9
2019	26.25	97.95
2020	26.25	98
2021	26.25	98.05
2022	26.25	98.1
2023	26.25	98.15
2024	26.25	98.2
2025	26.25	98.25
2026	26.25	98.3
2027	26.25	98.35
2028	26.25	98.4
2029	26.25	98.45
2030	26.25	98.5
2031	26.25	98.55
2032	26.25	98.6
2033	26.25	98.65
2034	26.2	94.65
2035	26.2	94.7
2036	26.2	94.75
2037	26.2	94.8
2038	26.2	94.9
2039	26.2	94.95
2040	26.2	95
2041	26.2	95.05
2042	26.2	95.1
2043	26.2	95.15
2044	26.2	95.2
2045	26.2	95.25
2046	26.2	95.3
2047	26.2	95.35
2048	26.2	95.4
2049	26.2	95.45
2050	26.2	95.5
2051	26.2	95.55
2052	26.2	95.6
2053	26.2	95.65
2054	26.2	95.7
2055	26.2	95.75
2056	26.2	95.8
2057	26.2	95.85
2058	26.2	95.9
2059	26.2	95.95
2060	26.2	96
2061	26.2	96.05
2062	26.2	96.1
2063	26.2	96.15
2064	26.2	96.2
2065	26.2	96.25
2066	26.2	96.3
2067	26.2	96.35
2068	26.2	96.4
2069	26.2	96.45
2070	26.2	96.5
2071	26.2	96.55
2072	26.2	96.6
2073	26.2	96.65
2074	26.2	96.7
2075	26.2	96.75
2076	26.2	96.8
2077	26.2	96.85
2078	26.2	96.9
2079	26.2	96.95
2080	26.2	97
2081	26.2	97.05
2082	26.2	97.1
2083	26.2	97.15
2084	26.2	97.2
2085	26.2	97.25
2086	26.2	97.3
2087	26.2	97.35
2088	26.2	97.4
2089	26.2	97.45
2090	26.2	97.5
2091	26.2	97.55
2092	26.2	97.6
2093	26.2	97.65
2094	26.2	97.7
2095	26.2	97.75
2096	26.2	97.8
2097	26.2	97.85
2098	26.2	97.9
2099	26.2	97.95
2100	26.2	98
2101	26.2	98.05
2102	26.2	98.1
2103	26.2	98.15
2104	26.2	98.2
2105	26.2	98.25
2106	26.2	98.3
2107	26.2	98.35
2108	26.2	98.4
2109	26.2	98.45
2110	26.2	98.5
2111	26.2	98.55
2112	26.2	98.6
2113	26.2	98.65
2114	26.2	98.7
2115	26.15	94.6
2116	26.15	94.65
2117	26.15	94.7
2118	26.15	94.75
2119	26.15	94.8
2120	26.15	94.85
2121	26.15	94.9
2122	26.15	94.95
2123	26.15	95
2124	26.15	95.05
2125	26.15	95.1
2126	26.15	95.15
2127	26.15	95.2
2128	26.15	95.25
2129	26.15	95.3
2130	26.15	95.35
2131	26.15	95.4
2132	26.15	95.45
2133	26.15	95.5
2134	26.15	95.55
2135	26.15	95.6
2136	26.15	95.65
2137	26.15	95.7
2138	26.15	95.75
2139	26.15	95.8
2140	26.15	95.85
2141	26.15	95.9
2142	26.15	95.95
2143	26.15	96
2144	26.15	96.05
2145	26.15	96.1
2146	26.15	96.15
2147	26.15	96.2
2148	26.15	96.25
2149	26.15	96.3
2150	26.15	96.35
2151	26.15	96.4
2152	26.15	96.45
2153	26.15	96.5
2154	26.15	96.55
2155	26.15	96.6
2156	26.15	96.65
2157	26.15	96.7
2158	26.15	96.75
2159	26.15	96.8
2160	26.15	96.85
2161	26.15	96.9
2162	26.15	96.95
2163	26.15	97
2164	26.15	97.05
2165	26.15	97.1
2166	26.15	97.15
2167	26.15	97.2
2168	26.15	97.25
2169	26.15	97.3
2170	26.15	97.35
2171	26.15	97.4
2172	26.15	97.45
2173	26.15	97.5
2174	26.15	97.55
2175	26.15	97.6
2176	26.15	97.65
2177	26.15	97.7
2178	26.15	97.75
2179	26.15	97.8
2180	26.15	97.85
2181	26.15	97.9
2182	26.15	97.95
2183	26.15	98
2184	26.15	98.05
2185	26.15	98.1
2186	26.15	98.15
2187	26.15	98.2
2188	26.15	98.25
2189	26.15	98.3
2190	26.15	98.35
2191	26.15	98.4
2192	26.15	98.45
2193	26.15	98.5
2194	26.15	98.55
2195	26.15	98.6
2196	26.15	98.65
2197	26.15	98.7
2198	26.1	94.6
2199	26.1	94.65
2200	26.1	94.7
2201	26.1	94.75
2202	26.1	94.8
2203	26.1	94.85
2204	26.1	94.9
2205	26.1	94.95
2206	26.1	95
2207	26.1	95.05
2208	26.1	95.1
2209	26.1	95.15
2210	26.1	95.2
2211	26.1	95.25
2212	26.1	95.3
2213	26.1	95.35
2214	26.1	95.4
2215	26.1	95.45
2216	26.1	95.5
2217	26.1	95.55
2218	26.1	95.6
2219	26.1	95.65
2220	26.1	95.7
2221	26.1	95.75
2222	26.1	95.8
2223	26.1	95.85
2224	26.1	95.9
2225	26.1	95.95
2226	26.1	96
2227	26.1	96.05
2228	26.1	96.1
2229	26.1	96.15
2230	26.1	96.2
2231	26.1	96.25
2232	26.1	96.3
2233	26.1	96.35
2234	26.1	96.4
2235	26.1	96.45
2236	26.1	96.5
2237	26.1	96.55
2238	26.1	96.6
2239	26.1	96.65
2240	26.1	96.7
2241	26.1	96.75
2242	26.1	96.8
2243	26.1	96.85
2244	26.1	96.9
2245	26.1	96.95
2246	26.1	97
2247	26.1	97.05
2248	26.1	97.1
2249	26.1	97.15
2250	26.1	97.2
2251	26.1	97.25
2252	26.1	97.3
2253	26.1	97.35
2254	26.1	97.4
2255	26.1	97.45
2256	26.1	97.5
2257	26.1	97.55
2258	26.1	97.6
2259	26.1	97.65
2260	26.1	97.7
2261	26.1	97.75
2262	26.1	97.8
2263	26.1	97.85
2264	26.1	97.9
2265	26.1	97.95
2266	26.1	98
2267	26.1	98.05
2268	26.1	98.1
2269	26.1	98.15
2270	26.1	98.2
2271	26.1	98.25
2272	26.1	98.3
2273	26.1	98.35
2274	26.1	98.4
2275	26.1	98.45
2276	26.1	98.5
2277	26.1	98.55
2278	26.1	98.6
2279	26.1	98.65
2280	26.05	94.55
2281	26.05	94.6
2282	26.05	94.65
2283	26.05	94.7
2284	26.05	94.75
2285	26.05	94.8
2286	26.05	94.85
2287	26.05	94.9
2288	26.05	94.95
2289	26.05	95
2290	26.05	95.05
2291	26.05	95.1
2292	26.05	95.15
2293	26.05	95.2
2294	26.05	95.25
2295	26.05	95.3
2296	26.05	95.35
2297	26.05	95.4
2298	26.05	95.45
2299	26.05	95.5
2300	26.05	95.55
2301	26.05	95.6
2302	26.05	95.65
2303	26.05	95.7
2304	26.05	95.75
2305	26.05	95.8
2306	26.05	95.85
2307	26.05	95.9
2308	26.05	95.95
2309	26.05	96
2310	26.05	96.05
2311	26.05	96.1
2312	26.05	96.15
2313	26.05	96.2
2314	26.05	96.25
2315	26.05	96.3
2316	26.05	96.35
2317	26.05	96.4
2318	26.05	96.45
2319	26.05	96.5
2320	26.05	96.55
2321	26.05	96.6
2322	26.05	96.65
2323	26.05	96.7
2324	26.05	96.75
2325	26.05	96.8
2326	26.05	96.85
2327	26.05	96.9
2328	26.05	96.95
2329	26.05	97
2330	26.05	97.05
2331	26.05	97.1
2332	26.05	97.15
2333	26.05	97.2
2334	26.05	97.25
2335	26.05	97.3
2336	26.05	97.35
2337	26.05	97.4
2338	26.05	97.45
2339	26.05	97.5
2340	26.05	97.55
2341	26.05	97.6
2342	26.05	97.65
2343	26.05	97.7
2344	26.05	97.75
2345	26.05	97.8
2346	26.05	97.85
2347	26.05	97.9
2348	26.05	97.95
2349	26.05	98
2350	26.05	98.05
2351	26.05	98.1
2352	26.05	98.15
2353	26.05	98.2
2354	26.05	98.25
2355	26.05	98.3
2356	26.05	98.35
2357	26.05	98.4
2358	26.05	98.45
2359	26.05	98.5
2360	26.05	98.55
2361	26.05	98.6
2362	26.05	98.65
2363	26	94.55
2364	26	94.6
2365	26	94.65
2366	26	94.7
2367	26	94.75
2368	26	94.8
2369	26	94.85
2370	26	94.9
2371	26	94.95
2372	26	95
2373	26	95.05
2374	26	95.1
2375	26	95.15
2376	26	95.2
2377	26	95.25
2378	26	95.3
2379	26	95.35
2380	26	95.4
2381	26	95.45
2382	26	95.5
2383	26	95.55
2384	26	95.6
2385	26	95.65
2386	26	95.7
2387	26	95.75
2388	26	95.8
2389	26	95.85
2390	26	95.9
2391	26	95.95
2392	26	96
2393	26	96.05
2394	26	96.1
2395	26	96.15
2396	26	96.2
2397	26	96.25
2398	26	96.3
2399	26	96.35
2400	26	96.4
2401	26	96.45
2402	26	96.5
2403	26	96.55
2404	26	96.6
2405	26	96.65
2406	26	96.7
2407	26	96.75
2408	26	96.8
2409	26	96.85
2410	26	96.9
2411	26	96.95
2412	26	97
2413	26	97.05
2414	26	97.1
2415	26	97.15
2416	26	97.2
2417	26	97.25
2418	26	97.3
2419	26	97.35
2420	26	97.4
2421	26	97.45
2422	26	97.5
2423	26	97.55
2424	26	97.6
2425	26	97.65
2426	26	97.7
2427	26	97.75
2428	26	97.8
2429	26	97.85
2430	26	97.9
2431	26	97.95
2432	26	98
2433	26	98.05
2434	26	98.1
2435	26	98.15
2436	26	98.2
2437	26	98.25
2438	26	98.3
2439	26	98.35
2440	26	98.4
2441	26	98.45
2442	26	98.5
2443	26	98.55
2444	26	98.6
2445	26	98.65
2446	25.95	94.5
2447	25.95	94.55
2448	25.95	94.6
2449	25.95	94.65
2450	25.95	94.7
2451	25.95	94.75
2452	25.95	94.8
2453	25.95	94.85
2454	25.95	94.9
2455	25.95	94.95
2456	25.95	95
2457	25.95	95.05
2458	25.95	95.1
2459	25.95	95.15
2460	25.95	95.2
2461	25.95	95.25
2462	25.95	95.3
2463	25.95	95.35
2464	25.95	95.4
2465	25.95	95.45
2466	25.95	95.5
2467	25.95	95.55
2468	25.95	95.6
2469	25.95	95.65
2470	25.95	95.7
2471	25.95	95.75
2472	25.95	95.8
2473	25.95	95.85
2474	25.95	95.9
2475	25.95	95.95
2476	25.95	96
2477	25.95	96.05
2478	25.95	96.1
2479	25.95	96.15
2480	25.95	96.2
2481	25.95	96.25
2482	25.95	96.3
2483	25.95	96.35
2484	25.95	96.4
2485	25.95	96.45
2486	25.95	96.5
2487	25.95	96.55
2488	25.95	96.6
2489	25.95	96.65
2490	25.95	96.7
2491	25.95	96.75
2492	25.95	96.8
2493	25.95	96.85
2494	25.95	96.9
2495	25.95	96.95
2496	25.95	97
2497	25.95	97.05
2498	25.95	97.1
2499	25.95	97.15
2500	25.95	97.2
2501	25.95	97.25
2502	25.95	97.3
2503	25.95	97.35
2504	25.95	97.4
2505	25.95	97.45
2506	25.95	97.5
2507	25.95	97.55
2508	25.95	97.6
2509	25.95	97.65
2510	25.95	97.7
2511	25.95	97.75
2512	25.95	97.8
2513	25.95	97.85
2514	25.95	97.9
2515	25.95	97.95
2516	25.95	98
2517	25.95	98.05
2518	25.95	98.1
2519	25.95	98.15
2520	25.95	98.2
2521	25.95	98.25
2522	25.95	98.3
2523	25.95	98.35
2524	25.95	98.4
2525	25.95	98.45
2526	25.95	98.5
2527	25.95	98.55
2528	25.95	98.6
2529	25.95	98.65
2530	25.9	94.5
2531	25.9	94.55
2532	25.9	94.6
2533	25.9	94.65
2534	25.9	94.7
2535	25.9	94.75
2536	25.9	94.8
2537	25.9	94.85
2538	25.9	94.9
2539	25.9	94.95
2540	25.9	95
2541	25.9	95.05
2542	25.9	95.1
2543	25.9	95.15
2544	25.9	95.2
2545	25.9	95.25
2546	25.9	95.3
2547	25.9	95.35
2548	25.9	95.4
2549	25.9	95.45
2550	25.9	95.5
2551	25.9	95.55
2552	25.9	95.6
2553	25.9	95.65
2554	25.9	95.7
2555	25.9	95.75
2556	25.9	95.8
2557	25.9	95.85
2558	25.9	95.9
2559	25.9	95.95
2560	25.9	96
2561	25.9	96.05
2562	25.9	96.1
2563	25.9	96.15
2564	25.9	96.2
2565	25.9	96.25
2566	25.9	96.3
2567	25.9	96.35
2568	25.9	96.4
2569	25.9	96.45
2570	25.9	96.5
2571	25.9	96.55
2572	25.9	96.6
2573	25.9	96.65
2574	25.9	96.7
2575	25.9	96.75
2576	25.9	96.8
2577	25.9	96.85
2578	25.9	96.9
2579	25.9	96.95
2580	25.9	97
2581	25.9	97.05
2582	25.9	97.1
2583	25.9	97.15
2584	25.9	97.2
2585	25.9	97.25
2586	25.9	97.3
2587	25.9	97.35
2588	25.9	97.4
2589	25.9	97.45
2590	25.9	97.5
2591	25.9	97.55
2592	25.9	97.6
2593	25.9	97.65
2594	25.9	97.7
2595	25.9	97.75
2596	25.9	97.8
2597	25.9	97.85
2598	25.9	97.9
2599	25.9	97.95
2600	25.9	98
2601	25.9	98.05
2602	25.9	98.1
2603	25.9	98.15
2604	25.9	98.2
2605	25.9	98.25
2606	25.9	98.3
2607	25.9	98.35
2608	25.9	98.4
2609	25.9	98.45
2610	25.9	98.5
2611	25.9	98.55
2612	25.9	98.6
2613	25.9	98.65
2614	25.9	98.7
2615	25.85	94.5
2616	25.85	94.55
2617	25.85	94.6
2618	25.85	94.65
2619	25.85	94.7
2620	25.85	94.75
2621	25.85	94.8
2622	25.85	94.85
2623	25.85	94.9
2624	25.85	94.95
2625	25.85	95
2626	25.85	95.05
2627	25.85	95.1
2628	25.85	95.15
2629	25.85	95.2
2630	25.85	95.25
2631	25.85	95.3
2632	25.85	95.35
2633	25.85	95.4
2634	25.85	95.45
2635	25.85	95.5
2636	25.85	95.55
2637	25.85	95.6
2638	25.85	95.65
2639	25.85	95.7
2640	25.85	95.75
2641	25.85	95.8
2642	25.85	95.85
2643	25.85	95.9
2644	25.85	95.95
2645	25.85	96
2646	25.85	96.05
2647	25.85	96.1
2648	25.85	96.15
2649	25.85	96.2
2650	25.85	96.25
2651	25.85	96.3
2652	25.85	96.35
2653	25.85	96.4
2654	25.85	96.45
2655	25.85	96.5
2656	25.85	96.55
2657	25.85	96.6
2658	25.85	96.65
2659	25.85	96.7
2660	25.85	96.75
2661	25.85	96.8
2662	25.85	96.85
2663	25.85	96.9
2664	25.85	96.95
2665	25.85	97
2666	25.85	97.05
2667	25.85	97.1
2668	25.85	97.15
2669	25.85	97.2
2670	25.85	97.25
2671	25.85	97.3
2672	25.85	97.35
2673	25.85	97.4
2674	25.85	97.45
2675	25.85	97.5
2676	25.85	97.55
2677	25.85	97.6
2678	25.85	97.65
2679	25.85	97.7
2680	25.85	97.75
2681	25.85	97.8
2682	25.85	97.85
2683	25.85	97.9
2684	25.85	97.95
2685	25.85	98
2686	25.85	98.05
2687	25.85	98.1
2688	25.85	98.15
2689	25.85	98.2
2690	25.85	98.25
2691	25.85	98.3
2692	25.85	98.35
2693	25.85	98.4
2694	25.85	98.45
2695	25.85	98.5
2696	25.85	98.55
2697	25.85	98.6
2698	25.85	98.65
2699	25.85	98.7
2700	25.8	94.45
2701	25.8	94.5
2702	25.8	94.55
2703	25.8	94.6
2704	25.8	94.65
2705	25.8	94.7
2706	25.8	94.75
2707	25.8	94.8
2708	25.8	94.85
2709	25.8	94.9
2710	25.8	94.95
2711	25.8	95
2712	25.8	95.05
2713	25.8	95.1
2714	25.8	95.15
2715	25.8	95.2
2716	25.8	95.25
2717	25.8	95.3
2718	25.8	95.35
2719	25.8	95.4
2720	25.8	95.45
2721	25.8	95.5
2722	25.8	95.55
2723	25.8	95.6
2724	25.8	95.65
2725	25.8	95.7
2726	25.8	95.75
2727	25.8	95.8
2728	25.8	95.85
2729	25.8	95.9
2730	25.8	95.95
2731	25.8	96
2732	25.8	96.05
2733	25.8	96.1
2734	25.8	96.15
2735	25.8	96.2
2736	25.8	96.25
2737	25.8	96.3
2738	25.8	96.35
2739	25.8	96.4
2740	25.8	96.45
2741	25.8	96.5
2742	25.8	96.55
2743	25.8	96.6
2744	25.8	96.65
2745	25.8	96.7
2746	25.8	96.75
2747	25.8	96.8
2748	25.8	96.85
2749	25.8	96.9
2750	25.8	96.95
2751	25.8	97
2752	25.8	97.05
2753	25.8	97.1
2754	25.8	97.15
2755	25.8	97.2
2756	25.8	97.25
2757	25.8	97.3
2758	25.8	97.35
2759	25.8	97.4
2760	25.8	97.45
2761	25.8	97.5
2762	25.8	97.55
2763	25.8	97.6
2764	25.8	97.65
2765	25.8	97.7
2766	25.8	97.75
2767	25.8	97.8
2768	25.8	97.85
2769	25.8	97.9
2770	25.8	97.95
2771	25.8	98
2772	25.8	98.05
2773	25.8	98.1
2774	25.8	98.15
2775	25.8	98.2
2776	25.8	98.25
2777	25.8	98.3
2778	25.8	98.35
2779	25.8	98.4
2780	25.8	98.45
2781	25.8	98.5
2782	25.8	98.55
2783	25.8	98.6
2784	25.8	98.65
2785	25.8	98.7
2786	25.75	94.4
2787	25.75	94.45
2788	25.75	94.5
2789	25.75	94.55
2790	25.75	94.6
2791	25.75	94.65
2792	25.75	94.7
2793	25.75	94.75
2794	25.75	94.8
2795	25.75	94.85
2796	25.75	94.9
2797	25.75	94.95
2798	25.75	95
2799	25.75	95.05
2800	25.75	95.1
2801	25.75	95.15
2802	25.75	95.2
2803	25.75	95.25
2804	25.75	95.3
2805	25.75	95.35
2806	25.75	95.4
2807	25.75	95.45
2808	25.75	95.5
2809	25.75	95.55
2810	25.75	95.6
2811	25.75	95.65
2812	25.75	95.7
2813	25.75	95.75
2814	25.75	95.8
2815	25.75	95.85
2816	25.75	95.9
2817	25.75	95.95
2818	25.75	96
2819	25.75	96.05
2820	25.75	96.1
2821	25.75	96.15
2822	25.75	96.2
2823	25.75	96.25
2824	25.75	96.3
2825	25.75	96.35
2826	25.75	96.4
2827	25.75	96.45
2828	25.75	96.5
2829	25.75	96.55
2830	25.75	96.6
2831	25.75	96.65
2832	25.75	96.7
2833	25.75	96.75
2834	25.75	96.8
2835	25.75	96.85
2836	25.75	96.9
2837	25.75	96.95
2838	25.75	97
2839	25.75	97.05
2840	25.75	97.1
2841	25.75	97.15
2842	25.75	97.2
2843	25.75	97.25
2844	25.75	97.3
2845	25.75	97.35
2846	25.75	97.4
2847	25.75	97.45
2848	25.75	97.5
2849	25.75	97.55
2850	25.75	97.6
2851	25.75	97.65
2852	25.75	97.7
2853	25.75	97.75
2854	25.75	97.8
2855	25.75	97.85
2856	25.75	97.9
2857	25.75	97.95
2858	25.75	98
2859	25.75	98.05
2860	25.75	98.1
2861	25.75	98.15
2862	25.75	98.2
2863	25.75	98.25
2864	25.75	98.3
2865	25.75	98.35
2866	25.75	98.4
2867	25.75	98.45
2868	25.75	98.5
2869	25.75	98.55
2870	25.75	98.6
2871	25.75	98.65
2872	25.75	98.7
2873	25.7	94.35
2874	25.7	94.4
2875	25.7	94.45
2876	25.7	94.5
2877	25.7	94.55
2878	25.7	94.6
2879	25.7	94.65
2880	25.7	94.7
2881	25.7	94.75
2882	25.7	94.8
2883	25.7	94.85
2884	25.7	94.9
2885	25.7	94.95
2886	25.7	95
2887	25.7	95.05
2888	25.7	95.1
2889	25.7	95.15
2890	25.7	95.2
2891	25.7	95.25
2892	25.7	95.3
2893	25.7	95.35
2894	25.7	95.4
2895	25.7	95.45
2896	25.7	95.5
2897	25.7	95.55
2898	25.7	95.6
2899	25.7	95.65
2900	25.7	95.7
2901	25.7	95.75
2902	25.7	95.8
2903	25.7	95.85
2904	25.7	95.9
2905	25.7	95.95
2906	25.7	96
2907	25.7	96.05
2908	25.7	96.1
2909	25.7	96.15
2910	25.7	96.2
2911	25.7	96.25
2912	25.7	96.3
2913	25.7	96.35
2914	25.7	96.4
2915	25.7	96.45
2916	25.7	96.5
2917	25.7	96.55
2918	25.7	96.6
2919	25.7	96.65
2920	25.7	96.7
2921	25.7	96.75
2922	25.7	96.8
2923	25.7	96.85
2924	25.7	96.9
2925	25.7	96.95
2926	25.7	97
2927	25.7	97.05
2928	25.7	97.1
2929	25.7	97.15
2930	25.7	97.2
2931	25.7	97.25
2932	25.7	97.3
2933	25.7	97.35
2934	25.7	97.4
2935	25.7	97.45
2936	25.7	97.5
2937	25.7	97.55
2938	25.7	97.6
2939	25.7	97.65
2940	25.7	97.7
2941	25.7	97.75
2942	25.7	97.8
2943	25.7	97.85
2944	25.7	97.9
2945	25.7	97.95
2946	25.7	98
2947	25.7	98.05
2948	25.7	98.1
2949	25.7	98.15
2950	25.7	98.2
2951	25.7	98.25
2952	25.7	98.3
2953	25.7	98.35
2954	25.7	98.4
2955	25.7	98.45
2956	25.7	98.5
2957	25.7	98.55
2958	25.7	98.6
2959	25.7	98.65
2960	25.7	98.7
2961	25.7	98.75
2962	25.65	94.3
2963	25.65	94.35
2964	25.65	94.4
2965	25.65	94.45
2966	25.65	94.5
2967	25.65	94.55
2968	25.65	94.6
2969	25.65	94.65
2970	25.65	94.7
2971	25.65	94.75
2972	25.65	94.8
2973	25.65	94.85
2974	25.65	94.9
2975	25.65	94.95
2976	25.65	95
2977	25.65	95.05
2978	25.65	95.1
2979	25.65	95.15
2980	25.65	95.2
2981	25.65	95.25
2982	25.65	95.3
2983	25.65	95.35
2984	25.65	95.4
2985	25.65	95.45
2986	25.65	95.5
2987	25.65	95.55
2988	25.65	95.6
2989	25.65	95.65
2990	25.65	95.7
2991	25.65	95.75
2992	25.65	95.8
2993	25.65	95.85
2994	25.65	95.9
2995	25.65	95.95
2996	25.65	96
2997	25.65	96.05
2998	25.65	96.1
2999	25.65	96.15
3000	25.65	96.2
3001	25.65	96.25
3002	25.65	96.3
3003	25.65	96.35
3004	25.65	96.4
3005	25.65	96.45
3006	25.65	96.5
3007	25.65	96.55
3008	25.65	96.6
3009	25.65	96.65
3010	25.65	96.7
3011	25.65	96.75
3012	25.65	96.8
3013	25.65	96.85
3014	25.65	96.9
3015	25.65	96.95
3016	25.65	97
3017	25.65	97.05
3018	25.65	97.1
3019	25.65	97.15
3020	25.65	97.2
3021	25.65	97.25
3022	25.65	97.3
3023	25.65	97.35
3024	25.65	97.4
3025	25.65	97.45
3026	25.65	97.5
3027	25.65	97.55
3028	25.65	97.6
3029	25.65	97.65
3030	25.65	97.7
3031	25.65	97.75
3032	25.65	97.8
3033	25.65	97.85
3034	25.65	97.9
3035	25.65	97.95
3036	25.65	98
3037	25.65	98.05
3038	25.65	98.1
3039	25.65	98.15
3040	25.65	98.2
3041	25.65	98.25
3042	25.65	98.3
3043	25.65	98.35
3044	25.65	98.4
3045	25.65	98.45
3046	25.65	98.5
3047	25.65	98.55
3048	25.65	98.6
3049	25.65	98.65
3050	25.65	98.7
3051	25.65	98.75
3052	25.6	94.35
3053	25.6	94.4
3054	25.6	94.45
3055	25.6	94.5
3056	25.6	94.55
3057	25.6	94.6
3058	25.6	94.65
3059	25.6	94.7
3060	25.6	94.75
3061	25.6	94.8
3062	25.6	94.85
3063	25.6	94.9
3064	25.6	94.95
3065	25.6	95
3066	25.6	95.05
3067	25.6	95.1
3068	25.6	95.15
3069	25.6	95.2
3070	25.6	95.25
3071	25.6	95.3
3072	25.6	95.35
3073	25.6	95.4
3074	25.6	95.45
3075	25.6	95.5
3076	25.6	95.55
3077	25.6	95.6
3078	25.6	95.65
3079	25.6	95.7
3080	25.6	95.75
3081	25.6	95.8
3082	25.6	95.85
3083	25.6	95.9
3084	25.6	95.95
3085	25.6	96
3086	25.6	96.05
3087	25.6	96.1
3088	25.6	96.15
3089	25.6	96.2
3090	25.6	96.25
3091	25.6	96.3
3092	25.6	96.35
3093	25.6	96.4
3094	25.6	96.45
3095	25.6	96.5
3096	25.6	96.55
3097	25.6	96.6
3098	25.6	96.65
3099	25.6	96.7
3100	25.6	96.75
3101	25.6	96.8
3102	25.6	96.85
3103	25.6	96.9
3104	25.6	96.95
3105	25.6	97
3106	25.6	97.05
3107	25.6	97.1
3108	25.6	97.15
3109	25.6	97.2
3110	25.6	97.25
3111	25.6	97.3
3112	25.6	97.35
3113	25.6	97.4
3114	25.6	97.45
3115	25.6	97.5
3116	25.6	97.55
3117	25.6	97.6
3118	25.6	97.65
3119	25.6	97.7
3120	25.6	97.75
3121	25.6	97.8
3122	25.6	97.85
3123	25.6	97.9
3124	25.6	97.95
3125	25.6	98
3126	25.6	98.05
3127	25.6	98.1
3128	25.6	98.15
3129	25.6	98.2
3130	25.6	98.25
3131	25.6	98.3
3132	25.6	98.35
3133	25.6	98.4
3134	25.6	98.45
3135	25.6	98.5
3136	25.6	98.55
3137	25.6	98.6
3138	25.6	98.65
3139	25.6	98.7
3140	25.6	98.75
3141	25.55	94.35
3142	25.55	94.4
3143	25.55	94.45
3144	25.55	94.5
3145	25.55	94.55
3146	25.55	94.6
3147	25.55	94.65
3148	25.55	94.7
3149	25.55	94.75
3150	25.55	94.8
3151	25.55	94.85
3152	25.55	94.9
3153	25.55	94.95
3154	25.55	95
3155	25.55	95.05
3156	25.55	95.1
3157	25.55	95.15
3158	25.55	95.2
3159	25.55	95.25
3160	25.55	95.3
3161	25.55	95.35
3162	25.55	95.4
3163	25.55	95.45
3164	25.55	95.5
3165	25.55	95.55
3166	25.55	95.6
3167	25.55	95.65
3168	25.55	95.7
3169	25.55	95.75
3170	25.55	95.8
3171	25.55	95.85
3172	25.55	95.9
3173	25.55	95.95
3174	25.55	96
3175	25.55	96.05
3176	25.55	96.1
3177	25.55	96.15
3178	25.55	96.2
3179	25.55	96.25
3180	25.55	96.3
3181	25.55	96.35
3182	25.55	96.4
3183	25.55	96.45
3184	25.55	96.5
3185	25.55	96.55
3186	25.55	96.6
3187	25.55	96.65
3188	25.55	96.7
3189	25.55	96.75
3190	25.55	96.8
3191	25.55	96.85
3192	25.55	96.9
3193	25.55	96.95
3194	25.55	97
3195	25.55	97.05
3196	25.55	97.1
3197	25.55	97.15
3198	25.55	97.2
3199	25.55	97.25
3200	25.55	97.3
3201	25.55	97.35
3202	25.55	97.4
3203	25.55	97.45
3204	25.55	97.5
3205	25.55	97.55
3206	25.55	97.6
3207	25.55	97.65
3208	25.55	97.7
3209	25.55	97.75
3210	25.55	97.8
3211	25.55	97.85
3212	25.55	97.9
3213	25.55	97.95
3214	25.55	98
3215	25.55	98.05
3216	25.55	98.1
3217	25.55	98.15
3218	25.55	98.2
3219	25.55	98.25
3220	25.55	98.3
3221	25.55	98.35
3222	25.55	98.4
3223	25.55	98.45
3224	25.55	98.5
3225	25.55	98.55
3226	25.55	98.6
3227	25.55	98.65
3228	25.55	98.7
3229	25.55	98.75
3230	25.5	94.3
3231	25.5	94.35
3232	25.5	94.4
3233	25.5	94.45
3234	25.5	94.5
3235	25.5	94.55
3236	25.5	94.6
3237	25.5	94.65
3238	25.5	94.7
3239	25.5	94.75
3240	25.5	94.8
3241	25.5	94.85
3242	25.5	94.9
3243	25.5	94.95
3244	25.5	95
3245	25.5	95.05
3246	25.5	95.1
3247	25.5	95.15
3248	25.5	95.2
3249	25.5	95.25
3250	25.5	95.3
3251	25.5	95.35
3252	25.5	95.4
3253	25.5	95.45
3254	25.5	95.5
3255	25.5	95.55
3256	25.5	95.6
3257	25.5	95.65
3258	25.5	95.7
3259	25.5	95.75
3260	25.5	95.8
3261	25.5	95.85
3262	25.5	95.9
3263	25.5	95.95
3264	25.5	96
3265	25.5	96.05
3266	25.5	96.1
3267	25.5	96.15
3268	25.5	96.2
3269	25.5	96.25
3270	25.5	96.3
3271	25.5	96.35
3272	25.5	96.4
3273	25.5	96.45
3274	25.5	96.5
3275	25.5	96.55
3276	25.5	96.6
3277	25.5	96.65
3278	25.5	96.7
3279	25.5	96.75
3280	25.5	96.8
3281	25.5	96.85
3282	25.5	96.9
3283	25.5	96.95
3284	25.5	97
3285	25.5	97.05
3286	25.5	97.1
3287	25.5	97.15
3288	25.5	97.2
3289	25.5	97.25
3290	25.5	97.3
3291	25.5	97.35
3292	25.5	97.4
3293	25.5	97.45
3294	25.5	97.5
3295	25.5	97.55
3296	25.5	97.6
3297	25.5	97.65
3298	25.5	97.7
3299	25.5	97.75
3300	25.5	97.8
3301	25.5	97.85
3302	25.5	97.9
3303	25.5	97.95
3304	25.5	98
3305	25.5	98.05
3306	25.5	98.1
3307	25.5	98.15
3308	25.5	98.2
3309	25.5	98.25
3310	25.5	98.3
3311	25.5	98.35
3312	25.5	98.4
3313	25.5	98.45
3314	25.5	98.5
3315	25.5	98.55
3316	25.5	98.6
3317	25.5	98.65
3318	25.5	98.7
3319	25.5	98.75
3320	25.45	94.3
3321	25.45	94.35
3322	25.45	94.4
3323	25.45	94.45
3324	25.45	94.5
3325	25.45	94.55
3326	25.45	94.6
3327	25.45	94.65
3328	25.45	94.7
3329	25.45	94.75
3330	25.45	94.8
3331	25.45	94.85
3332	25.45	94.9
3333	25.45	94.95
3334	25.45	95
3335	25.45	95.05
3336	25.45	95.1
3337	25.45	95.15
3338	25.45	95.2
3339	25.45	95.25
3340	25.45	95.3
3341	25.45	95.35
3342	25.45	95.4
3343	25.45	95.45
3344	25.45	95.5
3345	25.45	95.55
3346	25.45	95.6
3347	25.45	95.65
3348	25.45	95.7
3349	25.45	95.75
3350	25.45	95.8
3351	25.45	95.85
3352	25.45	95.9
3353	25.45	95.95
3354	25.45	96
3355	25.45	96.05
3356	25.45	96.1
3357	25.45	96.15
3358	25.45	96.2
3359	25.45	96.25
3360	25.45	96.3
3361	25.45	96.35
3362	25.45	96.4
3363	25.45	96.45
3364	25.45	96.5
3365	25.45	96.55
3366	25.45	96.6
3367	25.45	96.65
3368	25.45	96.7
3369	25.45	96.75
3370	25.45	96.8
3371	25.45	96.85
3372	25.45	96.9
3373	25.45	96.95
3374	25.45	97
3375	25.45	97.05
3376	25.45	97.1
3377	25.45	97.15
3378	25.45	97.2
3379	25.45	97.25
3380	25.45	97.3
3381	25.45	97.35
3382	25.45	97.4
3383	25.45	97.45
3384	25.45	97.5
3385	25.45	97.55
3386	25.45	97.6
3387	25.45	97.65
3388	25.45	97.7
3389	25.45	97.75
3390	25.45	97.8
3391	25.45	97.85
3392	25.45	97.9
3393	25.45	97.95
3394	25.45	98
3395	25.45	98.05
3396	25.45	98.1
3397	25.45	98.15
3398	25.45	98.2
3399	25.45	98.25
3400	25.45	98.3
3401	25.45	98.35
3402	25.45	98.4
3403	25.45	98.45
3404	25.45	98.5
3405	25.45	98.55
3406	25.45	98.6
3407	25.45	98.65
3408	25.45	98.7
3409	25.45	98.75
3410	25.4	94.3
3411	25.4	94.35
3412	25.4	94.4
3413	25.4	94.45
3414	25.4	94.5
3415	25.4	94.55
3416	25.4	94.6
3417	25.4	94.65
3418	25.4	94.7
3419	25.4	94.75
3420	25.4	94.8
3421	25.4	94.85
3422	25.4	94.9
3423	25.4	94.95
3424	25.4	95
3425	25.4	95.05
3426	25.4	95.1
3427	25.4	95.15
3428	25.4	95.2
3429	25.4	95.25
3430	25.4	95.3
3431	25.4	95.35
3432	25.4	95.4
3433	25.4	95.45
3434	25.4	95.5
3435	25.4	95.55
3436	25.4	95.6
3437	25.4	95.65
3438	25.4	95.7
3439	25.4	95.75
3440	25.4	95.8
3441	25.4	95.85
3442	25.4	95.9
3443	25.4	95.95
3444	25.4	96
3445	25.4	96.05
3446	25.4	96.1
3447	25.4	96.15
3448	25.4	96.2
3449	25.4	96.25
3450	25.4	96.3
3451	25.4	96.35
3452	25.4	96.4
3453	25.4	96.45
3454	25.4	96.5
3455	25.4	96.55
3456	25.4	96.6
3457	25.4	96.65
3458	25.4	96.7
3459	25.4	96.75
3460	25.4	96.8
3461	25.4	96.85
3462	25.4	96.9
3463	25.4	96.95
3464	25.4	97
3465	25.4	97.05
3466	25.4	97.1
3467	25.4	97.15
3468	25.4	97.2
3469	25.4	97.25
3470	25.4	97.3
3471	25.4	97.35
3472	25.4	97.4
3473	25.4	97.45
3474	25.4	97.5
3475	25.4	97.55
3476	25.4	97.6
3477	25.4	97.65
3478	25.4	97.7
3479	25.4	97.75
3480	25.4	97.8
3481	25.4	97.85
3482	25.4	97.9
3483	25.4	97.95
3484	25.4	98
3485	25.4	98.05
3486	25.4	98.1
3487	25.4	98.15
3488	25.4	98.2
3489	25.4	98.25
3490	25.4	98.3
3491	25.4	98.35
3492	25.4	98.4
3493	25.4	98.45
3494	25.4	98.5
3495	25.4	98.55
3496	25.4	98.6
3497	25.4	98.65
3498	25.4	98.7
3499	25.4	98.75
3500	25.35	94.25
3501	25.35	94.3
3502	25.35	94.35
3503	25.35	94.4
3504	25.35	94.45
3505	25.35	94.5
3506	25.35	94.55
3507	25.35	94.6
3508	25.35	94.65
3509	25.35	94.7
3510	25.35	94.75
3511	25.35	94.8
3512	25.35	94.85
3513	25.35	94.9
3514	25.35	94.95
3515	25.35	95
3516	25.35	95.05
3517	25.35	95.1
3518	25.35	95.15
3519	25.35	95.2
3520	25.35	95.25
3521	25.35	95.3
3522	25.35	95.35
3523	25.35	95.4
3524	25.35	95.45
3525	25.35	95.5
3526	25.35	95.55
3527	25.35	95.6
3528	25.35	95.65
3529	25.35	95.7
3530	25.35	95.75
3531	25.35	95.8
3532	25.35	95.85
3533	25.35	95.9
3534	25.35	95.95
3535	25.35	96
3536	25.35	96.05
3537	25.35	96.1
3538	25.35	96.15
3539	25.35	96.2
3540	25.35	96.25
3541	25.35	96.3
3542	25.35	96.35
3543	25.35	96.4
3544	25.35	96.45
3545	25.35	96.5
3546	25.35	96.55
3547	25.35	96.6
3548	25.35	96.65
3549	25.35	96.7
3550	25.35	96.75
3551	25.35	96.8
3552	25.35	96.85
3553	25.35	96.9
3554	25.35	96.95
3555	25.35	97
3556	25.35	97.05
3557	25.35	97.1
3558	25.35	97.15
3559	25.35	97.2
3560	25.35	97.25
3561	25.35	97.3
3562	25.35	97.35
3563	25.35	97.4
3564	25.35	97.45
3565	25.35	97.5
3566	25.35	97.55
3567	25.35	97.6
3568	25.35	97.65
3569	25.35	97.7
3570	25.35	97.75
3571	25.35	97.8
3572	25.35	97.85
3573	25.35	97.9
3574	25.35	97.95
3575	25.35	98
3576	25.35	98.05
3577	25.35	98.1
3578	25.35	98.15
3579	25.35	98.2
3580	25.35	98.25
3581	25.35	98.3
3582	25.35	98.35
3583	25.35	98.4
3584	25.35	98.45
3585	25.35	98.5
3586	25.35	98.55
3587	25.35	98.6
3588	25.35	98.65
3589	25.35	98.7
3590	25.3	94.2
3591	25.3	94.25
3592	25.3	94.3
3593	25.3	94.35
3594	25.3	94.4
3595	25.3	94.45
3596	25.3	94.5
3597	25.3	94.55
3598	25.3	94.6
3599	25.3	94.65
3600	25.3	94.7
3601	25.3	94.75
3602	25.3	94.8
3603	25.3	94.85
3604	25.3	94.9
3605	25.3	94.95
3606	25.3	95
3607	25.3	95.05
3608	25.3	95.1
3609	25.3	95.15
3610	25.3	95.2
3611	25.3	95.25
3612	25.3	95.3
3613	25.3	95.35
3614	25.3	95.4
3615	25.3	95.45
3616	25.3	95.5
3617	25.3	95.55
3618	25.3	95.6
3619	25.3	95.65
3620	25.3	95.7
3621	25.3	95.75
3622	25.3	95.8
3623	25.3	95.85
3624	25.3	95.9
3625	25.3	95.95
3626	25.3	96
3627	25.3	96.05
3628	25.3	96.1
3629	25.3	96.15
3630	25.3	96.2
3631	25.3	96.25
3632	25.3	96.3
3633	25.3	96.35
3634	25.3	96.4
3635	25.3	96.45
3636	25.3	96.5
3637	25.3	96.55
3638	25.3	96.6
3639	25.3	96.65
3640	25.3	96.7
3641	25.3	96.75
3642	25.3	96.8
3643	25.3	96.85
3644	25.3	96.9
3645	25.3	96.95
3646	25.3	97
3647	25.3	97.05
3648	25.3	97.1
3649	25.3	97.15
3650	25.3	97.2
3651	25.3	97.25
3652	25.3	97.3
3653	25.3	97.35
3654	25.3	97.4
3655	25.3	97.45
3656	25.3	97.5
3657	25.3	97.55
3658	25.3	97.6
3659	25.3	97.65
3660	25.3	97.7
3661	25.3	97.75
3662	25.3	97.8
3663	25.3	97.85
3664	25.3	97.9
3665	25.3	97.95
3666	25.3	98
3667	25.3	98.05
3668	25.3	98.1
3669	25.3	98.15
3670	25.3	98.2
3671	25.3	98.25
3672	25.3	98.3
3673	25.3	98.35
3674	25.3	98.4
3675	25.3	98.45
3676	25.3	98.5
3677	25.3	98.55
3678	25.3	98.6
3679	25.3	98.65
3680	25.3	98.7
3681	25.25	94.05
3682	25.25	94.1
3683	25.25	94.15
3684	25.25	94.2
3685	25.25	94.25
3686	25.25	94.3
3687	25.25	94.35
3688	25.25	94.4
3689	25.25	94.45
3690	25.25	94.5
3691	25.25	94.55
3692	25.25	94.6
3693	25.25	94.65
3694	25.25	94.7
3695	25.25	94.75
3696	25.25	94.8
3697	25.25	94.85
3698	25.25	94.9
3699	25.25	94.95
3700	25.25	95
3701	25.25	95.05
3702	25.25	95.1
3703	25.25	95.15
3704	25.25	95.2
3705	25.25	95.25
3706	25.25	95.3
3707	25.25	95.35
3708	25.25	95.4
3709	25.25	95.45
3710	25.25	95.5
3711	25.25	95.55
3712	25.25	95.6
3713	25.25	95.65
3714	25.25	95.7
3715	25.25	95.75
3716	25.25	95.8
3717	25.25	95.85
3718	25.25	95.9
3719	25.25	95.95
3720	25.25	96
3721	25.25	96.05
3722	25.25	96.1
3723	25.25	96.15
3724	25.25	96.2
3725	25.25	96.25
3726	25.25	96.3
3727	25.25	96.35
3728	25.25	96.4
3729	25.25	96.45
3730	25.25	96.5
3731	25.25	96.55
3732	25.25	96.6
3733	25.25	96.65
3734	25.25	96.7
3735	25.25	96.75
3736	25.25	96.8
3737	25.25	96.85
3738	25.25	96.9
3739	25.25	96.95
3740	25.25	97
3741	25.25	97.05
3742	25.25	97.1
3743	25.25	97.15
3744	25.25	97.2
3745	25.25	97.25
3746	25.25	97.3
3747	25.25	97.35
3748	25.25	97.4
3749	25.25	97.45
3750	25.25	97.5
3751	25.25	97.55
3752	25.25	97.6
3753	25.25	97.65
3754	25.25	97.7
3755	25.25	97.75
3756	25.25	97.8
3757	25.25	97.85
3758	25.25	97.9
3759	25.25	97.95
3760	25.25	98
3761	25.25	98.05
3762	25.25	98.1
3763	25.25	98.15
3764	25.25	98.2
3765	25.25	98.25
3766	25.25	98.3
3767	25.25	98.35
3768	25.25	98.4
3769	25.25	98.45
3770	25.25	98.5
3771	25.25	98.55
3772	25.25	98.6
3773	25.25	98.65
3774	25.25	98.7
3775	25.2	93.95
3776	25.2	94.05
3777	25.2	94.1
3778	25.2	94.15
3779	25.2	94.2
3780	25.2	94.25
3781	25.2	94.3
3782	25.2	94.35
3783	25.2	94.4
3784	25.2	94.45
3785	25.2	94.5
3786	25.2	94.55
3787	25.2	94.6
3788	25.2	94.65
3789	25.2	94.7
3790	25.2	94.75
3791	25.2	94.8
3792	25.2	94.85
3793	25.2	94.9
3794	25.2	94.95
3795	25.2	95
3796	25.2	95.05
3797	25.2	95.1
3798	25.2	95.15
3799	25.2	95.2
3800	25.2	95.25
3801	25.2	95.3
3802	25.2	95.35
3803	25.2	95.4
3804	25.2	95.45
3805	25.2	95.5
3806	25.2	95.55
3807	25.2	95.6
3808	25.2	95.65
3809	25.2	95.7
3810	25.2	95.75
3811	25.2	95.8
3812	25.2	95.85
3813	25.2	95.9
3814	25.2	95.95
3815	25.2	96
3816	25.2	96.05
3817	25.2	96.1
3818	25.2	96.15
3819	25.2	96.2
3820	25.2	96.25
3821	25.2	96.3
3822	25.2	96.35
3823	25.2	96.4
3824	25.2	96.45
3825	25.2	96.5
3826	25.2	96.55
3827	25.2	96.6
3828	25.2	96.65
3829	25.2	96.7
3830	25.2	96.75
3831	25.2	96.8
3832	25.2	96.85
3833	25.2	96.9
3834	25.2	96.95
3835	25.2	97
3836	25.2	97.05
3837	25.2	97.1
3838	25.2	97.15
3839	25.2	97.2
3840	25.2	97.25
3841	25.2	97.3
3842	25.2	97.35
3843	25.2	97.4
3844	25.2	97.45
3845	25.2	97.5
3846	25.2	97.55
3847	25.2	97.6
3848	25.2	97.65
3849	25.2	97.7
3850	25.2	97.75
3851	25.2	97.8
3852	25.2	97.85
3853	25.2	97.9
3854	25.2	97.95
3855	25.2	98
3856	25.2	98.05
3857	25.2	98.1
3858	25.2	98.15
3859	25.2	98.2
3860	25.2	98.25
3861	25.2	98.3
3862	25.2	98.35
3863	25.2	98.4
3864	25.2	98.45
3865	25.2	98.5
3866	25.2	98.55
3867	25.2	98.6
3868	25.2	98.65
3869	25.2	98.7
3870	25.15	93.9
3871	25.15	93.95
3872	25.15	94
3873	25.15	94.05
3874	25.15	94.1
3875	25.15	94.15
3876	25.15	94.2
3877	25.15	94.25
3878	25.15	94.3
3879	25.15	94.35
3880	25.15	94.4
3881	25.15	94.45
3882	25.15	94.5
3883	25.15	94.55
3884	25.15	94.6
3885	25.15	94.65
3886	25.15	94.7
3887	25.15	94.75
3888	25.15	94.8
3889	25.15	94.85
3890	25.15	94.9
3891	25.15	94.95
3892	25.15	95
3893	25.15	95.05
3894	25.15	95.1
3895	25.15	95.15
3896	25.15	95.2
3897	25.15	95.25
3898	25.15	95.3
3899	25.15	95.35
3900	25.15	95.4
3901	25.15	95.45
3902	25.15	95.5
3903	25.15	95.55
3904	25.15	95.6
3905	25.15	95.65
3906	25.15	95.7
3907	25.15	95.75
3908	25.15	95.8
3909	25.15	95.85
3910	25.15	95.9
3911	25.15	95.95
3912	25.15	96
3913	25.15	96.05
3914	25.15	96.1
3915	25.15	96.15
3916	25.15	96.2
3917	25.15	96.25
3918	25.15	96.3
3919	25.15	96.35
3920	25.15	96.4
3921	25.15	96.45
3922	25.15	96.5
3923	25.15	96.55
3924	25.15	96.6
3925	25.15	96.65
3926	25.15	96.7
3927	25.15	96.75
3928	25.15	96.8
3929	25.15	96.85
3930	25.15	96.9
3931	25.15	96.95
3932	25.15	97
3933	25.15	97.05
3934	25.15	97.1
3935	25.15	97.15
3936	25.15	97.2
3937	25.15	97.25
3938	25.15	97.3
3939	25.15	97.35
3940	25.15	97.4
3941	25.15	97.45
3942	25.15	97.5
3943	25.15	97.55
3944	25.15	97.6
3945	25.15	97.65
3946	25.15	97.7
3947	25.15	97.75
3948	25.15	97.8
3949	25.15	97.85
3950	25.15	97.9
3951	25.15	97.95
3952	25.15	98
3953	25.15	98.05
3954	25.15	98.1
3955	25.15	98.15
3956	25.15	98.2
3957	25.15	98.25
3958	25.15	98.3
3959	25.15	98.35
3960	25.15	98.4
3961	25.15	98.45
3962	25.15	98.5
3963	25.15	98.55
3964	25.15	98.6
3965	25.15	98.65
3966	25.15	98.7
3967	25.1	93.9
3968	25.1	93.95
3969	25.1	94
3970	25.1	94.05
3971	25.1	94.1
3972	25.1	94.15
3973	25.1	94.2
3974	25.1	94.25
3975	25.1	94.3
3976	25.1	94.35
3977	25.1	94.4
3978	25.1	94.45
3979	25.1	94.5
3980	25.1	94.55
3981	25.1	94.6
3982	25.1	94.65
3983	25.1	94.7
3984	25.1	94.75
3985	25.1	94.8
3986	25.1	94.85
3987	25.1	94.9
3988	25.1	94.95
3989	25.1	95
3990	25.1	95.05
3991	25.1	95.1
3992	25.1	95.15
3993	25.1	95.2
3994	25.1	95.25
3995	25.1	95.3
3996	25.1	95.35
3997	25.1	95.4
3998	25.1	95.45
3999	25.1	95.5
4000	25.1	95.55
4001	25.1	95.6
4002	25.1	95.65
4003	25.1	95.7
4004	25.1	95.75
4005	25.1	95.8
4006	25.1	95.85
4007	25.1	95.9
4008	25.1	95.95
4009	25.1	96
4010	25.1	96.05
4011	25.1	96.1
4012	25.1	96.15
4013	25.1	96.2
4014	25.1	96.25
4015	25.1	96.3
4016	25.1	96.35
4017	25.1	96.4
4018	25.1	96.45
4019	25.1	96.5
4020	25.1	96.55
4021	25.1	96.6
4022	25.1	96.65
4023	25.1	96.7
4024	25.1	96.75
4025	25.1	96.8
4026	25.1	96.85
4027	25.1	96.9
4028	25.1	96.95
4029	25.1	97
4030	25.1	97.05
4031	25.1	97.1
4032	25.1	97.15
4033	25.1	97.2
4034	25.1	97.25
4035	25.1	97.3
4036	25.1	97.35
4037	25.1	97.4
4038	25.1	97.45
4039	25.1	97.5
4040	25.1	97.55
4041	25.1	97.6
4042	25.1	97.65
4043	25.1	97.7
4044	25.1	97.75
4045	25.1	97.8
4046	25.1	97.85
4047	25.1	97.9
4048	25.1	97.95
4049	25.1	98
4050	25.1	98.05
4051	25.1	98.1
4052	25.1	98.15
4053	25.1	98.2
4054	25.1	98.25
4055	25.1	98.3
4056	25.1	98.35
4057	25.1	98.4
4058	25.1	98.45
4059	25.1	98.5
4060	25.1	98.55
4061	25.1	98.6
4062	25.1	98.65
4063	25.1	98.7
4064	25.05	93.9
4065	25.05	93.95
4066	25.05	94
4067	25.05	94.05
4068	25.05	94.1
4069	25.05	94.15
4070	25.05	94.2
4071	25.05	94.25
4072	25.05	94.3
4073	25.05	94.35
4074	25.05	94.4
4075	25.05	94.45
4076	25.05	94.5
4077	25.05	94.55
4078	25.05	94.6
4079	25.05	94.65
4080	25.05	94.7
4081	25.05	94.75
4082	25.05	94.8
4083	25.05	94.85
4084	25.05	94.9
4085	25.05	94.95
4086	25.05	95
4087	25.05	95.05
4088	25.05	95.1
4089	25.05	95.15
4090	25.05	95.2
4091	25.05	95.25
4092	25.05	95.3
4093	25.05	95.35
4094	25.05	95.4
4095	25.05	95.45
4096	25.05	95.5
4097	25.05	95.55
4098	25.05	95.6
4099	25.05	95.65
4100	25.05	95.7
4101	25.05	95.75
4102	25.05	95.8
4103	25.05	95.85
4104	25.05	95.9
4105	25.05	95.95
4106	25.05	96
4107	25.05	96.05
4108	25.05	96.1
4109	25.05	96.15
4110	25.05	96.2
4111	25.05	96.25
4112	25.05	96.3
4113	25.05	96.35
4114	25.05	96.4
4115	25.05	96.45
4116	25.05	96.5
4117	25.05	96.55
4118	25.05	96.6
4119	25.05	96.65
4120	25.05	96.7
4121	25.05	96.75
4122	25.05	96.8
4123	25.05	96.85
4124	25.05	96.9
4125	25.05	96.95
4126	25.05	97
4127	25.05	97.05
4128	25.05	97.1
4129	25.05	97.15
4130	25.05	97.2
4131	25.05	97.25
4132	25.05	97.3
4133	25.05	97.35
4134	25.05	97.4
4135	25.05	97.45
4136	25.05	97.5
4137	25.05	97.55
4138	25.05	97.6
4139	25.05	97.65
4140	25.05	97.7
4141	25.05	97.75
4142	25.05	97.8
4143	25.05	97.85
4144	25.05	97.9
4145	25.05	97.95
4146	25.05	98
4147	25.05	98.05
4148	25.05	98.1
4149	25.05	98.15
4150	25.05	98.2
4151	25.05	98.25
4152	25.05	98.3
4153	25.05	98.35
4154	25.05	98.4
4155	25.05	98.45
4156	25.05	98.5
4157	25.05	98.55
4158	25.05	98.6
4159	25.05	98.65
4160	25.05	98.7
4161	25	93.8
4162	25	93.85
4163	25	93.9
4164	25	93.95
4165	25	94
4166	25	94.05
4167	25	94.1
4168	25	94.15
4169	25	94.2
4170	25	94.25
4171	25	94.3
4172	25	94.35
4173	25	94.4
4174	25	94.45
4175	25	94.5
4176	25	94.55
4177	25	94.6
4178	25	94.65
4179	25	94.7
4180	25	94.75
4181	25	94.8
4182	25	94.85
4183	25	94.9
4184	25	94.95
4185	25	95
4186	25	95.05
4187	25	95.1
4188	25	95.15
4189	25	95.2
4190	25	95.25
4191	25	95.3
4192	25	95.35
4193	25	95.4
4194	25	95.45
4195	25	95.5
4196	25	95.55
4197	25	95.6
4198	25	95.65
4199	25	95.7
4200	25	95.75
4201	25	95.8
4202	25	95.85
4203	25	95.9
4204	25	95.95
4205	25	96
4206	25	96.05
4207	25	96.1
4208	25	96.15
4209	25	96.2
4210	25	96.25
4211	25	96.3
4212	25	96.35
4213	25	96.4
4214	25	96.45
4215	25	96.5
4216	25	96.55
4217	25	96.6
4218	25	96.65
4219	25	96.7
4220	25	96.75
4221	25	96.8
4222	25	96.85
4223	25	96.9
4224	25	96.95
4225	25	97
4226	25	97.05
4227	25	97.1
4228	25	97.15
4229	25	97.2
4230	25	97.25
4231	25	97.3
4232	25	97.35
4233	25	97.4
4234	25	97.45
4235	25	97.5
4236	25	97.55
4237	25	97.6
4238	25	97.65
4239	25	97.7
4240	25	97.75
4241	25	97.8
4242	25	97.85
4243	25	97.9
4244	25	97.95
4245	25	98
4246	25	98.05
4247	25	98.1
4248	25	98.15
4249	25	98.2
4250	25	98.25
4251	25	98.3
4252	25	98.35
4253	25	98.4
4254	25	98.45
4255	25	98.5
4256	25	98.55
4257	25	98.6
4258	25	98.65
4259	25	98.7
4260	24.95	93.8
4261	24.95	93.85
4262	24.95	93.9
4263	24.95	93.95
4264	24.95	94
4265	24.95	94.05
4266	24.95	94.1
4267	24.95	94.15
4268	24.95	94.2
4269	24.95	94.25
4270	24.95	94.3
4271	24.95	94.35
4272	24.95	94.4
4273	24.95	94.45
4274	24.95	94.5
4275	24.95	94.55
4276	24.95	94.6
4277	24.95	94.65
4278	24.95	94.7
4279	24.95	94.75
4280	24.95	94.8
4281	24.95	94.85
4282	24.95	94.9
4283	24.95	94.95
4284	24.95	95
4285	24.95	95.05
4286	24.95	95.1
4287	24.95	95.15
4288	24.95	95.2
4289	24.95	95.25
4290	24.95	95.3
4291	24.95	95.35
4292	24.95	95.4
4293	24.95	95.45
4294	24.95	95.5
4295	24.95	95.55
4296	24.95	95.6
4297	24.95	95.65
4298	24.95	95.7
4299	24.95	95.75
4300	24.95	95.8
4301	24.95	95.85
4302	24.95	95.9
4303	24.95	95.95
4304	24.95	96
4305	24.95	96.05
4306	24.95	96.1
4307	24.95	96.15
4308	24.95	96.2
4309	24.95	96.25
4310	24.95	96.3
4311	24.95	96.35
4312	24.95	96.4
4313	24.95	96.45
4314	24.95	96.5
4315	24.95	96.55
4316	24.95	96.6
4317	24.95	96.65
4318	24.95	96.7
4319	24.95	96.75
4320	24.95	96.8
4321	24.95	96.85
4322	24.95	96.9
4323	24.95	96.95
4324	24.95	97
4325	24.95	97.05
4326	24.95	97.1
4327	24.95	97.15
4328	24.95	97.2
4329	24.95	97.25
4330	24.95	97.3
4331	24.95	97.35
4332	24.95	97.4
4333	24.95	97.45
4334	24.95	97.5
4335	24.95	97.55
4336	24.95	97.6
4337	24.95	97.65
4338	24.95	97.7
4339	24.95	97.75
4340	24.95	97.8
4341	24.95	97.85
4342	24.95	97.9
4343	24.95	97.95
4344	24.95	98
4345	24.95	98.05
4346	24.95	98.1
4347	24.95	98.15
4348	24.95	98.2
4349	24.95	98.25
4350	24.95	98.3
4351	24.95	98.35
4352	24.95	98.4
4353	24.95	98.45
4354	24.95	98.5
4355	24.95	98.55
4356	24.95	98.6
4357	24.95	98.65
4358	24.95	98.7
4359	24.9	93.8
4360	24.9	93.85
4361	24.9	93.9
4362	24.9	93.95
4363	24.9	94
4364	24.9	94.05
4365	24.9	94.1
4366	24.9	94.15
4367	24.9	94.2
4368	24.9	94.25
4369	24.9	94.3
4370	24.9	94.35
4371	24.9	94.4
4372	24.9	94.45
4373	24.9	94.5
4374	24.9	94.55
4375	24.9	94.6
4376	24.9	94.65
4377	24.9	94.7
4378	24.9	94.75
4379	24.9	94.8
4380	24.9	94.85
4381	24.9	94.9
4382	24.9	94.95
4383	24.9	95
4384	24.9	95.05
4385	24.9	95.1
4386	24.9	95.15
4387	24.9	95.2
4388	24.9	95.25
4389	24.9	95.3
4390	24.9	95.35
4391	24.9	95.4
4392	24.9	95.45
4393	24.9	95.5
4394	24.9	95.55
4395	24.9	95.6
4396	24.9	95.65
4397	24.9	95.7
4398	24.9	95.75
4399	24.9	95.8
4400	24.9	95.85
4401	24.9	95.9
4402	24.9	95.95
4403	24.9	96
4404	24.9	96.05
4405	24.9	96.1
4406	24.9	96.15
4407	24.9	96.2
4408	24.9	96.25
4409	24.9	96.3
4410	24.9	96.35
4411	24.9	96.4
4412	24.9	96.45
4413	24.9	96.5
4414	24.9	96.55
4415	24.9	96.6
4416	24.9	96.65
4417	24.9	96.7
4418	24.9	96.75
4419	24.9	96.8
4420	24.9	96.85
4421	24.9	96.9
4422	24.9	96.95
4423	24.9	97
4424	24.9	97.05
4425	24.9	97.1
4426	24.9	97.15
4427	24.9	97.2
4428	24.9	97.25
4429	24.9	97.3
4430	24.9	97.35
4431	24.9	97.4
4432	24.9	97.45
4433	24.9	97.5
4434	24.9	97.55
4435	24.9	97.6
4436	24.9	97.65
4437	24.9	97.7
4438	24.9	97.75
4439	24.9	97.8
4440	24.9	97.85
4441	24.9	97.9
4442	24.9	97.95
4443	24.9	98
4444	24.9	98.05
4445	24.9	98.1
4446	24.9	98.15
4447	24.9	98.2
4448	24.9	98.25
4449	24.9	98.3
4450	24.9	98.35
4451	24.9	98.4
4452	24.9	98.45
4453	24.9	98.5
4454	24.9	98.55
4455	24.9	98.6
4456	24.9	98.65
4457	24.9	98.7
4458	24.9	98.75
4459	24.85	93.8
4460	24.85	93.85
4461	24.85	93.9
4462	24.85	93.95
4463	24.85	94
4464	24.85	94.05
4465	24.85	94.1
4466	24.85	94.15
4467	24.85	94.2
4468	24.85	94.25
4469	24.85	94.3
4470	24.85	94.35
4471	24.85	94.4
4472	24.85	94.45
4473	24.85	94.5
4474	24.85	94.55
4475	24.85	94.6
4476	24.85	94.65
4477	24.85	94.7
4478	24.85	94.75
4479	24.85	94.8
4480	24.85	94.85
4481	24.85	94.9
4482	24.85	94.95
4483	24.85	95
4484	24.85	95.05
4485	24.85	95.1
4486	24.85	95.15
4487	24.85	95.2
4488	24.85	95.25
4489	24.85	95.3
4490	24.85	95.35
4491	24.85	95.4
4492	24.85	95.45
4493	24.85	95.5
4494	24.85	95.55
4495	24.85	95.6
4496	24.85	95.65
4497	24.85	95.7
4498	24.85	95.75
4499	24.85	95.8
4500	24.85	95.85
4501	24.85	95.9
4502	24.85	95.95
4503	24.85	96
4504	24.85	96.05
4505	24.85	96.1
4506	24.85	96.15
4507	24.85	96.2
4508	24.85	96.25
4509	24.85	96.3
4510	24.85	96.35
4511	24.85	96.4
4512	24.85	96.45
4513	24.85	96.5
4514	24.85	96.55
4515	24.85	96.6
4516	24.85	96.65
4517	24.85	96.7
4518	24.85	96.75
4519	24.85	96.8
4520	24.85	96.85
4521	24.85	96.9
4522	24.85	96.95
4523	24.85	97
4524	24.85	97.05
4525	24.85	97.1
4526	24.85	97.15
4527	24.85	97.2
4528	24.85	97.25
4529	24.85	97.3
4530	24.85	97.35
4531	24.85	97.4
4532	24.85	97.45
4533	24.85	97.5
4534	24.85	97.55
4535	24.85	97.6
4536	24.85	97.65
4537	24.85	97.7
4538	24.85	97.75
4539	24.85	97.8
4540	24.85	97.85
4541	24.85	97.9
4542	24.85	97.95
4543	24.85	98
4544	24.85	98.05
4545	24.85	98.1
4546	24.85	98.15
4547	24.85	98.2
4548	24.85	98.25
4549	24.85	98.3
4550	24.85	98.35
4551	24.85	98.4
4552	24.85	98.45
4553	24.85	98.5
4554	24.85	98.55
4555	24.85	98.6
4556	24.85	98.65
4557	24.85	98.7
4558	24.85	98.75
4559	24.8	93.8
4560	24.8	93.85
4561	24.8	93.9
4562	24.8	93.95
4563	24.8	94
4564	24.8	94.05
4565	24.8	94.1
4566	24.8	94.15
4567	24.8	94.2
4568	24.8	94.25
4569	24.8	94.3
4570	24.8	94.35
4571	24.8	94.4
4572	24.8	94.45
4573	24.8	94.5
4574	24.8	94.55
4575	24.8	94.6
4576	24.8	94.65
4577	24.8	94.7
4578	24.8	94.75
4579	24.8	94.8
4580	24.8	94.85
4581	24.8	94.9
4582	24.8	94.95
4583	24.8	95
4584	24.8	95.05
4585	24.8	95.1
4586	24.8	95.15
4587	24.8	95.2
4588	24.8	95.25
4589	24.8	95.3
4590	24.8	95.35
4591	24.8	95.4
4592	24.8	95.45
4593	24.8	95.5
4594	24.8	95.55
4595	24.8	95.6
4596	24.8	95.65
4597	24.8	95.7
4598	24.8	95.75
4599	24.8	95.8
4600	24.8	95.85
4601	24.8	95.9
4602	24.8	95.95
4603	24.8	96
4604	24.8	96.05
4605	24.8	96.1
4606	24.8	96.15
4607	24.8	96.2
4608	24.8	96.25
4609	24.8	96.3
4610	24.8	96.35
4611	24.8	96.4
4612	24.8	96.45
4613	24.8	96.5
4614	24.8	96.55
4615	24.8	96.6
4616	24.8	96.65
4617	24.8	96.7
4618	24.8	96.75
4619	24.8	96.8
4620	24.8	96.85
4621	24.8	96.9
4622	24.8	96.95
4623	24.8	97
4624	24.8	97.05
4625	24.8	97.1
4626	24.8	97.15
4627	24.8	97.2
4628	24.8	97.25
4629	24.8	97.3
4630	24.8	97.35
4631	24.8	97.4
4632	24.8	97.45
4633	24.8	97.5
4634	24.8	97.55
4635	24.8	97.6
4636	24.8	97.65
4637	24.8	97.7
4638	24.8	97.75
4639	24.8	97.8
4640	24.8	97.85
4641	24.8	97.9
4642	24.8	97.95
4643	24.8	98
4644	24.8	98.05
4645	24.8	98.1
4646	24.8	98.15
4647	24.8	98.2
4648	24.8	98.25
4649	24.8	98.3
4650	24.8	98.35
4651	24.8	98.4
4652	24.8	98.45
4653	24.8	98.5
4654	24.8	98.55
4655	24.8	98.6
4656	24.8	98.65
4657	24.8	98.7
4658	24.8	98.75
4659	24.75	93.75
4660	24.75	93.8
4661	24.75	93.85
4662	24.75	93.9
4663	24.75	93.95
4664	24.75	94
4665	24.75	94.05
4666	24.75	94.1
4667	24.75	94.15
4668	24.75	94.2
4669	24.75	94.25
4670	24.75	94.3
4671	24.75	94.35
4672	24.75	94.4
4673	24.75	94.45
4674	24.75	94.5
4675	24.75	94.55
4676	24.75	94.6
4677	24.75	94.65
4678	24.75	94.7
4679	24.75	94.75
4680	24.75	94.8
4681	24.75	94.85
4682	24.75	94.9
4683	24.75	94.95
4684	24.75	95
4685	24.75	95.05
4686	24.75	95.1
4687	24.75	95.15
4688	24.75	95.2
4689	24.75	95.25
4690	24.75	95.3
4691	24.75	95.35
4692	24.75	95.4
4693	24.75	95.45
4694	24.75	95.5
4695	24.75	95.55
4696	24.75	95.6
4697	24.75	95.65
4698	24.75	95.7
4699	24.75	95.75
4700	24.75	95.8
4701	24.75	95.85
4702	24.75	95.9
4703	24.75	95.95
4704	24.75	96
4705	24.75	96.05
4706	24.75	96.1
4707	24.75	96.15
4708	24.75	96.2
4709	24.75	96.25
4710	24.75	96.3
4711	24.75	96.35
4712	24.75	96.4
4713	24.75	96.45
4714	24.75	96.5
4715	24.75	96.55
4716	24.75	96.6
4717	24.75	96.65
4718	24.75	96.7
4719	24.75	96.75
4720	24.75	96.8
4721	24.75	96.85
4722	24.75	96.9
4723	24.75	96.95
4724	24.75	97
4725	24.75	97.05
4726	24.75	97.1
4727	24.75	97.15
4728	24.75	97.2
4729	24.75	97.25
4730	24.75	97.3
4731	24.75	97.35
4732	24.75	97.4
4733	24.75	97.45
4734	24.75	97.5
4735	24.75	97.55
4736	24.75	97.6
4737	24.75	97.65
4738	24.75	97.7
4739	24.75	97.75
4740	24.75	97.8
4741	24.75	97.85
4742	24.75	97.9
4743	24.75	97.95
4744	24.75	98
4745	24.75	98.05
4746	24.75	98.1
4747	24.75	98.15
4748	24.75	98.2
4749	24.75	98.25
4750	24.75	98.3
4751	24.75	98.35
4752	24.75	98.4
4753	24.75	98.45
4754	24.75	98.5
4755	24.75	98.55
4756	24.75	98.6
4757	24.75	98.65
4758	24.75	98.7
4759	24.7	93.75
4760	24.7	93.8
4761	24.7	93.85
4762	24.7	93.9
4763	24.7	93.95
4764	24.7	94
4765	24.7	94.05
4766	24.7	94.1
4767	24.7	94.15
4768	24.7	94.2
4769	24.7	94.25
4770	24.7	94.3
4771	24.7	94.35
4772	24.7	94.4
4773	24.7	94.45
4774	24.7	94.5
4775	24.7	94.55
4776	24.7	94.6
4777	24.7	94.65
4778	24.7	94.7
4779	24.7	94.75
4780	24.7	94.8
4781	24.7	94.85
4782	24.7	94.9
4783	24.7	94.95
4784	24.7	95
4785	24.7	95.05
4786	24.7	95.1
4787	24.7	95.15
4788	24.7	95.2
4789	24.7	95.25
4790	24.7	95.3
4791	24.7	95.35
4792	24.7	95.4
4793	24.7	95.45
4794	24.7	95.5
4795	24.7	95.55
4796	24.7	95.6
4797	24.7	95.65
4798	24.7	95.7
4799	24.7	95.75
4800	24.7	95.8
4801	24.7	95.85
4802	24.7	95.9
4803	24.7	95.95
4804	24.7	96
4805	24.7	96.05
4806	24.7	96.1
4807	24.7	96.15
4808	24.7	96.2
4809	24.7	96.25
4810	24.7	96.3
4811	24.7	96.35
4812	24.7	96.4
4813	24.7	96.45
4814	24.7	96.5
4815	24.7	96.55
4816	24.7	96.6
4817	24.7	96.65
4818	24.7	96.7
4819	24.7	96.75
4820	24.7	96.8
4821	24.7	96.85
4822	24.7	96.9
4823	24.7	96.95
4824	24.7	97
4825	24.7	97.05
4826	24.7	97.1
4827	24.7	97.15
4828	24.7	97.2
4829	24.7	97.25
4830	24.7	97.3
4831	24.7	97.35
4832	24.7	97.4
4833	24.7	97.45
4834	24.7	97.5
4835	24.7	97.55
4836	24.7	97.6
4837	24.7	97.65
4838	24.7	97.7
4839	24.7	97.75
4840	24.7	97.8
4841	24.7	97.85
4842	24.7	97.9
4843	24.7	97.95
4844	24.7	98
4845	24.7	98.05
4846	24.7	98.1
4847	24.7	98.15
4848	24.7	98.2
4849	24.7	98.25
4850	24.7	98.3
4851	24.7	98.35
4852	24.7	98.4
4853	24.7	98.45
4854	24.7	98.5
4855	24.7	98.55
4856	24.7	98.6
4857	24.7	98.65
4858	24.7	98.7
4859	24.7	98.75
4860	24.65	93.75
4861	24.65	93.8
4862	24.65	93.85
4863	24.65	93.9
4864	24.65	93.95
4865	24.65	94
4866	24.65	94.05
4867	24.65	94.1
4868	24.65	94.15
4869	24.65	94.2
4870	24.65	94.25
4871	24.65	94.3
4872	24.65	94.35
4873	24.65	94.4
4874	24.65	94.45
4875	24.65	94.5
4876	24.65	94.55
4877	24.65	94.6
4878	24.65	94.65
4879	24.65	94.7
4880	24.65	94.75
4881	24.65	94.8
4882	24.65	94.85
4883	24.65	94.9
4884	24.65	94.95
4885	24.65	95
4886	24.65	95.05
4887	24.65	95.1
4888	24.65	95.15
4889	24.65	95.2
4890	24.65	95.25
4891	24.65	95.3
4892	24.65	95.35
4893	24.65	95.4
4894	24.65	95.45
4895	24.65	95.5
4896	24.65	95.55
4897	24.65	95.6
4898	24.65	95.65
4899	24.65	95.7
4900	24.65	95.75
4901	24.65	95.8
4902	24.65	95.85
4903	24.65	95.9
4904	24.65	95.95
4905	24.65	96
4906	24.65	96.05
4907	24.65	96.1
4908	24.65	96.15
4909	24.65	96.2
4910	24.65	96.25
4911	24.65	96.3
4912	24.65	96.35
4913	24.65	96.4
4914	24.65	96.45
4915	24.65	96.5
4916	24.65	96.55
4917	24.65	96.6
4918	24.65	96.65
4919	24.65	96.7
4920	24.65	96.75
4921	24.65	96.8
4922	24.65	96.85
4923	24.65	96.9
4924	24.65	96.95
4925	24.65	97
4926	24.65	97.05
4927	24.65	97.1
4928	24.65	97.15
4929	24.65	97.2
4930	24.65	97.25
4931	24.65	97.3
4932	24.65	97.35
4933	24.65	97.4
4934	24.65	97.45
4935	24.65	97.5
4936	24.65	97.55
4937	24.65	97.6
4938	24.65	97.65
4939	24.65	97.7
4940	24.65	97.75
4941	24.65	97.8
4942	24.65	97.85
4943	24.65	97.9
4944	24.65	97.95
4945	24.65	98
4946	24.65	98.05
4947	24.65	98.1
4948	24.65	98.15
4949	24.65	98.2
4950	24.65	98.25
4951	24.65	98.3
4952	24.65	98.35
4953	24.65	98.4
4954	24.65	98.45
4955	24.65	98.5
4956	24.65	98.55
4957	24.65	98.6
4958	24.65	98.65
4959	24.65	98.7
4960	24.65	98.75
4961	24.65	98.8
4962	24.6	93.75
4963	24.6	93.8
4964	24.6	93.85
4965	24.6	93.9
4966	24.6	93.95
4967	24.6	94
4968	24.6	94.05
4969	24.6	94.1
4970	24.6	94.15
4971	24.6	94.2
4972	24.6	94.25
4973	24.6	94.3
4974	24.6	94.35
4975	24.6	94.4
4976	24.6	94.45
4977	24.6	94.5
4978	24.6	94.55
4979	24.6	94.6
4980	24.6	94.65
4981	24.6	94.7
4982	24.6	94.75
4983	24.6	94.8
4984	24.6	94.85
4985	24.6	94.9
4986	24.6	94.95
4987	24.6	95
4988	24.6	95.05
4989	24.6	95.1
4990	24.6	95.15
4991	24.6	95.2
4992	24.6	95.25
4993	24.6	95.3
4994	24.6	95.35
4995	24.6	95.4
4996	24.6	95.45
4997	24.6	95.5
4998	24.6	95.55
4999	24.6	95.6
5000	24.6	95.65
5001	24.6	95.7
5002	24.6	95.75
5003	24.6	95.8
5004	24.6	95.85
5005	24.6	95.9
5006	24.6	95.95
5007	24.6	96
5008	24.6	96.05
5009	24.6	96.1
5010	24.6	96.15
5011	24.6	96.2
5012	24.6	96.25
5013	24.6	96.3
5014	24.6	96.35
5015	24.6	96.4
5016	24.6	96.45
5017	24.6	96.5
5018	24.6	96.55
5019	24.6	96.6
5020	24.6	96.65
5021	24.6	96.7
5022	24.6	96.75
5023	24.6	96.8
5024	24.6	96.85
5025	24.6	96.9
5026	24.6	96.95
5027	24.6	97
5028	24.6	97.05
5029	24.6	97.1
5030	24.6	97.15
5031	24.6	97.2
5032	24.6	97.25
5033	24.6	97.3
5034	24.6	97.35
5035	24.6	97.4
5036	24.6	97.45
5037	24.6	97.5
5038	24.6	97.55
5039	24.6	97.6
5040	24.6	97.65
5041	24.6	97.7
5042	24.6	97.75
5043	24.6	97.8
5044	24.6	97.85
5045	24.6	97.9
5046	24.6	97.95
5047	24.6	98
5048	24.6	98.05
5049	24.6	98.1
5050	24.6	98.15
5051	24.6	98.2
5052	24.6	98.25
5053	24.6	98.3
5054	24.6	98.35
5055	24.6	98.4
5056	24.6	98.45
5057	24.6	98.5
5058	24.6	98.55
5059	24.6	98.6
5060	24.6	98.65
5061	24.6	98.7
5062	24.6	98.75
5063	24.55	93.75
5064	24.55	93.8
5065	24.55	93.85
5066	24.55	93.9
5067	24.55	93.95
5068	24.55	94
5069	24.55	94.05
5070	24.55	94.1
5071	24.55	94.15
5072	24.55	94.2
5073	24.55	94.25
5074	24.55	94.3
5075	24.55	94.35
5076	24.55	94.4
5077	24.55	94.45
5078	24.55	94.5
5079	24.55	94.55
5080	24.55	94.6
5081	24.55	94.65
5082	24.55	94.7
5083	24.55	94.75
5084	24.55	94.8
5085	24.55	94.85
5086	24.55	94.9
5087	24.55	94.95
5088	24.55	95
5089	24.55	95.05
5090	24.55	95.1
5091	24.55	95.15
5092	24.55	95.2
5093	24.55	95.25
5094	24.55	95.3
5095	24.55	95.35
5096	24.55	95.4
5097	24.55	95.45
5098	24.55	95.5
5099	24.55	95.55
5100	24.55	95.6
5101	24.55	95.65
5102	24.55	95.7
5103	24.55	95.75
5104	24.55	95.8
5105	24.55	95.85
5106	24.55	95.9
5107	24.55	95.95
5108	24.55	96
5109	24.55	96.05
5110	24.55	96.1
5111	24.55	96.15
5112	24.55	96.2
5113	24.55	96.25
5114	24.55	96.3
5115	24.55	96.35
5116	24.55	96.4
5117	24.55	96.45
5118	24.55	96.5
5119	24.55	96.55
5120	24.55	96.6
5121	24.55	96.65
5122	24.55	96.7
5123	24.55	96.75
5124	24.55	96.8
5125	24.55	96.85
5126	24.55	96.9
5127	24.55	96.95
5128	24.55	97
5129	24.55	97.05
5130	24.55	97.1
5131	24.55	97.15
5132	24.55	97.2
5133	24.55	97.25
5134	24.55	97.3
5135	24.55	97.35
5136	24.55	97.4
5137	24.55	97.45
5138	24.55	97.5
5139	24.55	97.55
5140	24.55	97.6
5141	24.55	97.65
5142	24.55	97.7
5143	24.55	97.75
5144	24.55	97.8
5145	24.55	97.85
5146	24.55	97.9
5147	24.55	97.95
5148	24.55	98
5149	24.55	98.05
5150	24.55	98.1
5151	24.55	98.15
5152	24.55	98.2
5153	24.55	98.25
5154	24.55	98.3
5155	24.55	98.35
5156	24.55	98.4
5157	24.55	98.45
5158	24.55	98.5
5159	24.55	98.55
5160	24.55	98.6
5161	24.55	98.65
5162	24.55	98.7
5163	24.55	98.75
5164	24.5	93.75
5165	24.5	93.8
5166	24.5	93.85
5167	24.5	93.9
5168	24.5	93.95
5169	24.5	94
5170	24.5	94.05
5171	24.5	94.1
5172	24.5	94.15
5173	24.5	94.2
5174	24.5	94.25
5175	24.5	94.3
5176	24.5	94.35
5177	24.5	94.4
5178	24.5	94.45
5179	24.5	94.5
5180	24.5	94.55
5181	24.5	94.6
5182	24.5	94.65
5183	24.5	94.7
5184	24.5	94.75
5185	24.5	94.8
5186	24.5	94.85
5187	24.5	94.9
5188	24.5	94.95
5189	24.5	95
5190	24.5	95.05
5191	24.5	95.1
5192	24.5	95.15
5193	24.5	95.2
5194	24.5	95.25
5195	24.5	95.3
5196	24.5	95.35
5197	24.5	95.4
5198	24.5	95.45
5199	24.5	95.5
5200	24.5	95.55
5201	24.5	95.6
5202	24.5	95.65
5203	24.5	95.7
5204	24.5	95.75
5205	24.5	95.8
5206	24.5	95.85
5207	24.5	95.9
5208	24.5	95.95
5209	24.5	96
5210	24.5	96.05
5211	24.5	96.1
5212	24.5	96.15
5213	24.5	96.2
5214	24.5	96.25
5215	24.5	96.3
5216	24.5	96.35
5217	24.5	96.4
5218	24.5	96.45
5219	24.5	96.5
5220	24.5	96.55
5221	24.5	96.6
5222	24.5	96.65
5223	24.5	96.7
5224	24.5	96.75
5225	24.5	96.8
5226	24.5	96.85
5227	24.5	96.9
5228	24.5	96.95
5229	24.5	97
5230	24.5	97.05
5231	24.5	97.1
5232	24.5	97.15
5233	24.5	97.2
5234	24.5	97.25
5235	24.5	97.3
5236	24.5	97.35
5237	24.5	97.4
5238	24.5	97.45
5239	24.5	97.5
5240	24.5	97.55
5241	24.5	97.6
5242	24.5	97.65
5243	24.5	97.7
5244	24.5	97.75
5245	24.5	97.8
5246	24.5	97.85
5247	24.5	97.9
5248	24.5	97.95
5249	24.5	98
5250	24.5	98.05
5251	24.5	98.1
5252	24.5	98.15
5253	24.5	98.2
5254	24.5	98.25
5255	24.5	98.3
5256	24.5	98.35
5257	24.5	98.4
5258	24.5	98.45
5259	24.5	98.5
5260	24.5	98.55
5261	24.5	98.6
5262	24.5	98.65
5263	24.5	98.7
5264	24.45	93.7
5265	24.45	93.75
5266	24.45	93.8
5267	24.45	93.85
5268	24.45	93.9
5269	24.45	93.95
5270	24.45	94
5271	24.45	94.05
5272	24.45	94.1
5273	24.45	94.15
5274	24.45	94.2
5275	24.45	94.25
5276	24.45	94.3
5277	24.45	94.35
5278	24.45	94.4
5279	24.45	94.45
5280	24.45	94.5
5281	24.45	94.55
5282	24.45	94.6
5283	24.45	94.65
5284	24.45	94.7
5285	24.45	94.75
5286	24.45	94.8
5287	24.45	94.85
5288	24.45	94.9
5289	24.45	94.95
5290	24.45	95
5291	24.45	95.05
5292	24.45	95.1
5293	24.45	95.15
5294	24.45	95.2
5295	24.45	95.25
5296	24.45	95.3
5297	24.45	95.35
5298	24.45	95.4
5299	24.45	95.45
5300	24.45	95.5
5301	24.45	95.55
5302	24.45	95.6
5303	24.45	95.65
5304	24.45	95.7
5305	24.45	95.75
5306	24.45	95.8
5307	24.45	95.85
5308	24.45	95.9
5309	24.45	95.95
5310	24.45	96
5311	24.45	96.05
5312	24.45	96.1
5313	24.45	96.15
5314	24.45	96.2
5315	24.45	96.25
5316	24.45	96.3
5317	24.45	96.35
5318	24.45	96.4
5319	24.45	96.45
5320	24.45	96.5
5321	24.45	96.55
5322	24.45	96.6
5323	24.45	96.65
5324	24.45	96.7
5325	24.45	96.75
5326	24.45	96.8
5327	24.45	96.85
5328	24.45	96.9
5329	24.45	96.95
5330	24.45	97
5331	24.45	97.05
5332	24.45	97.1
5333	24.45	97.15
5334	24.45	97.2
5335	24.45	97.25
5336	24.45	97.3
5337	24.45	97.35
5338	24.45	97.4
5339	24.45	97.45
5340	24.45	97.5
5341	24.45	97.55
5342	24.45	97.6
5343	24.45	97.65
5344	24.45	97.7
5345	24.45	97.75
5346	24.45	97.8
5347	24.45	97.85
5348	24.45	97.9
5349	24.45	97.95
5350	24.45	98
5351	24.45	98.05
5352	24.45	98.1
5353	24.45	98.15
5354	24.45	98.2
5355	24.45	98.25
5356	24.45	98.3
5357	24.45	98.35
5358	24.45	98.4
5359	24.45	98.45
5360	24.45	98.5
5361	24.45	98.55
5362	24.45	98.6
5363	24.45	98.65
5364	24.4	93.7
5365	24.4	93.75
5366	24.4	93.8
5367	24.4	93.85
5368	24.4	93.9
5369	24.4	93.95
5370	24.4	94
5371	24.4	94.05
5372	24.4	94.1
5373	24.4	94.15
5374	24.4	94.2
5375	24.4	94.25
5376	24.4	94.3
5377	24.4	94.35
5378	24.4	94.4
5379	24.4	94.45
5380	24.4	94.5
5381	24.4	94.55
5382	24.4	94.6
5383	24.4	94.65
5384	24.4	94.7
5385	24.4	94.75
5386	24.4	94.8
5387	24.4	94.85
5388	24.4	94.9
5389	24.4	94.95
5390	24.4	95
5391	24.4	95.05
5392	24.4	95.1
5393	24.4	95.15
5394	24.4	95.2
5395	24.4	95.25
5396	24.4	95.3
5397	24.4	95.35
5398	24.4	95.4
5399	24.4	95.45
5400	24.4	95.5
5401	24.4	95.55
5402	24.4	95.6
5403	24.4	95.65
5404	24.4	95.7
5405	24.4	95.75
5406	24.4	95.8
5407	24.4	95.85
5408	24.4	95.9
5409	24.4	95.95
5410	24.4	96
5411	24.4	96.05
5412	24.4	96.1
5413	24.4	96.15
5414	24.4	96.2
5415	24.4	96.25
5416	24.4	96.3
5417	24.4	96.35
5418	24.4	96.4
5419	24.4	96.45
5420	24.4	96.5
5421	24.4	96.55
5422	24.4	96.6
5423	24.4	96.65
5424	24.4	96.7
5425	24.4	96.75
5426	24.4	96.8
5427	24.4	96.85
5428	24.4	96.9
5429	24.4	96.95
5430	24.4	97
5431	24.4	97.05
5432	24.4	97.1
5433	24.4	97.15
5434	24.4	97.2
5435	24.4	97.25
5436	24.4	97.3
5437	24.4	97.35
5438	24.4	97.4
5439	24.4	97.45
5440	24.4	97.5
5441	24.4	97.55
5442	24.4	97.6
5443	24.4	97.65
5444	24.4	97.7
5445	24.4	97.75
5446	24.4	97.8
5447	24.4	97.85
5448	24.4	97.9
5449	24.4	97.95
5450	24.4	98
5451	24.4	98.05
5452	24.4	98.1
5453	24.4	98.15
5454	24.4	98.2
5455	24.4	98.25
5456	24.4	98.3
5457	24.4	98.35
5458	24.4	98.4
5459	24.4	98.45
5460	24.4	98.5
5461	24.4	98.55
5462	24.4	98.6
5463	24.4	98.65
5464	24.4	98.7
5465	24.35	93.65
5466	24.35	93.7
5467	24.35	93.75
5468	24.35	93.8
5469	24.35	93.85
5470	24.35	93.9
5471	24.35	93.95
5472	24.35	94
5473	24.35	94.05
5474	24.35	94.1
5475	24.35	94.15
5476	24.35	94.2
5477	24.35	94.25
5478	24.35	94.3
5479	24.35	94.35
5480	24.35	94.4
5481	24.35	94.45
5482	24.35	94.5
5483	24.35	94.55
5484	24.35	94.6
5485	24.35	94.65
5486	24.35	94.7
5487	24.35	94.75
5488	24.35	94.8
5489	24.35	94.85
5490	24.35	94.9
5491	24.35	94.95
5492	24.35	95
5493	24.35	95.05
5494	24.35	95.1
5495	24.35	95.15
5496	24.35	95.2
5497	24.35	95.25
5498	24.35	95.3
5499	24.35	95.35
5500	24.35	95.4
5501	24.35	95.45
5502	24.35	95.5
5503	24.35	95.55
5504	24.35	95.6
5505	24.35	95.65
5506	24.35	95.7
5507	24.35	95.75
5508	24.35	95.8
5509	24.35	95.85
5510	24.35	95.9
5511	24.35	95.95
5512	24.35	96
5513	24.35	96.05
5514	24.35	96.1
5515	24.35	96.15
5516	24.35	96.2
5517	24.35	96.25
5518	24.35	96.3
5519	24.35	96.35
5520	24.35	96.4
5521	24.35	96.45
5522	24.35	96.5
5523	24.35	96.55
5524	24.35	96.6
5525	24.35	96.65
5526	24.35	96.7
5527	24.35	96.75
5528	24.35	96.8
5529	24.35	96.85
5530	24.35	96.9
5531	24.35	96.95
5532	24.35	97
5533	24.35	97.05
5534	24.35	97.1
5535	24.35	97.15
5536	24.35	97.2
5537	24.35	97.25
5538	24.35	97.3
5539	24.35	97.35
5540	24.35	97.4
5541	24.35	97.45
5542	24.35	97.5
5543	24.35	97.55
5544	24.35	97.6
5545	24.35	97.65
5546	24.35	97.7
5547	24.35	97.75
5548	24.35	97.8
5549	24.35	97.85
5550	24.35	97.9
5551	24.35	97.95
5552	24.35	98
5553	24.35	98.05
5554	24.35	98.1
5555	24.35	98.15
5556	24.35	98.2
5557	24.35	98.25
5558	24.35	98.3
5559	24.35	98.35
5560	24.35	98.4
5561	24.35	98.45
5562	24.35	98.5
5563	24.35	98.55
5564	24.35	98.6
5565	24.35	98.65
5566	24.35	98.7
5567	24.3	93.65
5568	24.3	93.7
5569	24.3	93.75
5570	24.3	93.8
5571	24.3	93.85
5572	24.3	93.9
5573	24.3	93.95
5574	24.3	94
5575	24.3	94.05
5576	24.3	94.1
5577	24.3	94.15
5578	24.3	94.2
5579	24.3	94.25
5580	24.3	94.3
5581	24.3	94.35
5582	24.3	94.4
5583	24.3	94.45
5584	24.3	94.5
5585	24.3	94.55
5586	24.3	94.6
5587	24.3	94.65
5588	24.3	94.7
5589	24.3	94.75
5590	24.3	94.8
5591	24.3	94.85
5592	24.3	94.9
5593	24.3	94.95
5594	24.3	95
5595	24.3	95.05
5596	24.3	95.1
5597	24.3	95.15
5598	24.3	95.2
5599	24.3	95.25
5600	24.3	95.3
5601	24.3	95.35
5602	24.3	95.4
5603	24.3	95.45
5604	24.3	95.5
5605	24.3	95.55
5606	24.3	95.6
5607	24.3	95.65
5608	24.3	95.7
5609	24.3	95.75
5610	24.3	95.8
5611	24.3	95.85
5612	24.3	95.9
5613	24.3	95.95
5614	24.3	96
5615	24.3	96.05
5616	24.3	96.1
5617	24.3	96.15
5618	24.3	96.2
5619	24.3	96.25
5620	24.3	96.3
5621	24.3	96.35
5622	24.3	96.4
5623	24.3	96.45
5624	24.3	96.5
5625	24.3	96.55
5626	24.3	96.6
5627	24.3	96.65
5628	24.3	96.7
5629	24.3	96.75
5630	24.3	96.8
5631	24.3	96.85
5632	24.3	96.9
5633	24.3	96.95
5634	24.3	97
5635	24.3	97.05
5636	24.3	97.1
5637	24.3	97.15
5638	24.3	97.2
5639	24.3	97.25
5640	24.3	97.3
5641	24.3	97.35
5642	24.3	97.4
5643	24.3	97.45
5644	24.3	97.5
5645	24.3	97.55
5646	24.3	97.6
5647	24.3	97.65
5648	24.3	97.7
5649	24.3	97.75
5650	24.3	97.8
5651	24.3	97.85
5652	24.3	97.9
5653	24.3	97.95
5654	24.3	98
5655	24.3	98.05
5656	24.3	98.1
5657	24.3	98.15
5658	24.3	98.2
5659	24.3	98.25
5660	24.3	98.3
5661	24.3	98.35
5662	24.3	98.4
5663	24.3	98.45
5664	24.3	98.5
5665	24.3	98.55
5666	24.3	98.6
5667	24.3	98.65
5668	24.3	98.7
5669	24.25	93.65
5670	24.25	93.7
5671	24.25	93.75
5672	24.25	93.8
5673	24.25	93.85
5674	24.25	93.9
5675	24.25	93.95
5676	24.25	94
5677	24.25	94.05
5678	24.25	94.1
5679	24.25	94.15
5680	24.25	94.2
5681	24.25	94.25
5682	24.25	94.3
5683	24.25	94.35
5684	24.25	94.4
5685	24.25	94.45
5686	24.25	94.5
5687	24.25	94.55
5688	24.25	94.6
5689	24.25	94.65
5690	24.25	94.7
5691	24.25	94.75
5692	24.25	94.8
5693	24.25	94.85
5694	24.25	94.9
5695	24.25	94.95
5696	24.25	95
5697	24.25	95.05
5698	24.25	95.1
5699	24.25	95.15
5700	24.25	95.2
5701	24.25	95.25
5702	24.25	95.3
5703	24.25	95.35
5704	24.25	95.4
5705	24.25	95.45
5706	24.25	95.5
5707	24.25	95.55
5708	24.25	95.6
5709	24.25	95.65
5710	24.25	95.7
5711	24.25	95.75
5712	24.25	95.8
5713	24.25	95.85
5714	24.25	95.9
5715	24.25	95.95
5716	24.25	96
5717	24.25	96.05
5718	24.25	96.1
5719	24.25	96.15
5720	24.25	96.2
5721	24.25	96.25
5722	24.25	96.3
5723	24.25	96.35
5724	24.25	96.4
5725	24.25	96.45
5726	24.25	96.5
5727	24.25	96.55
5728	24.25	96.6
5729	24.25	96.65
5730	24.25	96.7
5731	24.25	96.75
5732	24.25	96.8
5733	24.25	96.85
5734	24.25	96.9
5735	24.25	96.95
5736	24.25	97
5737	24.25	97.05
5738	24.25	97.1
5739	24.25	97.15
5740	24.25	97.2
5741	24.25	97.25
5742	24.25	97.3
5743	24.25	97.35
5744	24.25	97.4
5745	24.25	97.45
5746	24.25	97.5
5747	24.25	97.55
5748	24.25	97.6
5749	24.25	97.65
5750	24.25	97.7
5751	24.25	97.75
5752	24.25	97.8
5753	24.25	97.85
5754	24.25	97.9
5755	24.25	97.95
5756	24.25	98
5757	24.25	98.05
5758	24.25	98.1
5759	24.25	98.15
5760	24.25	98.2
5761	24.25	98.25
5762	24.25	98.3
5763	24.25	98.35
5764	24.25	98.4
5765	24.25	98.45
5766	24.25	98.5
5767	24.25	98.55
5768	24.25	98.6
5769	24.2	93.65
5770	24.2	93.7
5771	24.2	93.75
5772	24.2	93.8
5773	24.2	93.85
5774	24.2	93.9
5775	24.2	93.95
5776	24.2	94
5777	24.2	94.05
5778	24.2	94.1
5779	24.2	94.15
5780	24.2	94.2
5781	24.2	94.25
5782	24.2	94.3
5783	24.2	94.35
5784	24.2	94.4
5785	24.2	94.45
5786	24.2	94.5
5787	24.2	94.55
5788	24.2	94.6
5789	24.2	94.65
5790	24.2	94.7
5791	24.2	94.75
5792	24.2	94.8
5793	24.2	94.85
5794	24.2	94.9
5795	24.2	94.95
5796	24.2	95
5797	24.2	95.05
5798	24.2	95.1
5799	24.2	95.15
5800	24.2	95.2
5801	24.2	95.25
5802	24.2	95.3
5803	24.2	95.35
5804	24.2	95.4
5805	24.2	95.45
5806	24.2	95.5
5807	24.2	95.55
5808	24.2	95.6
5809	24.2	95.65
5810	24.2	95.7
5811	24.2	95.75
5812	24.2	95.8
5813	24.2	95.85
5814	24.2	95.9
5815	24.2	95.95
5816	24.2	96
5817	24.2	96.05
5818	24.2	96.1
5819	24.2	96.15
5820	24.2	96.2
5821	24.2	96.25
5822	24.2	96.3
5823	24.2	96.35
5824	24.2	96.4
5825	24.2	96.45
5826	24.2	96.5
5827	24.2	96.55
5828	24.2	96.6
5829	24.2	96.65
5830	24.2	96.7
5831	24.2	96.75
5832	24.2	96.8
5833	24.2	96.85
5834	24.2	96.9
5835	24.2	96.95
5836	24.2	97
5837	24.2	97.05
5838	24.2	97.1
5839	24.2	97.15
5840	24.2	97.2
5841	24.2	97.25
5842	24.2	97.3
5843	24.2	97.35
5844	24.2	97.4
5845	24.2	97.45
5846	24.2	97.5
5847	24.2	97.55
5848	24.2	97.6
5849	24.2	97.65
5850	24.2	97.7
5851	24.2	97.75
5852	24.2	97.8
5853	24.2	97.85
5854	24.2	97.9
5855	24.2	97.95
5856	24.2	98
5857	24.2	98.05
5858	24.2	98.1
5859	24.2	98.15
5860	24.2	98.2
5861	24.2	98.25
5862	24.2	98.3
5863	24.2	98.35
5864	24.15	93.6
5865	24.15	93.65
5866	24.15	93.7
5867	24.15	93.75
5868	24.15	93.8
5869	24.15	93.85
5870	24.15	93.9
5871	24.15	93.95
5872	24.15	94
5873	24.15	94.05
5874	24.15	94.1
5875	24.15	94.15
5876	24.15	94.2
5877	24.15	94.25
5878	24.15	94.3
5879	24.15	94.35
5880	24.15	94.4
5881	24.15	94.45
5882	24.15	94.5
5883	24.15	94.55
5884	24.15	94.6
5885	24.15	94.65
5886	24.15	94.7
5887	24.15	94.75
5888	24.15	94.8
5889	24.15	94.85
5890	24.15	94.9
5891	24.15	94.95
5892	24.15	95
5893	24.15	95.05
5894	24.15	95.1
5895	24.15	95.15
5896	24.15	95.2
5897	24.15	95.25
5898	24.15	95.3
5899	24.15	95.35
5900	24.15	95.4
5901	24.15	95.45
5902	24.15	95.5
5903	24.15	95.55
5904	24.15	95.6
5905	24.15	95.65
5906	24.15	95.7
5907	24.15	95.75
5908	24.15	95.8
5909	24.15	95.85
5910	24.15	95.9
5911	24.15	95.95
5912	24.15	96
5913	24.15	96.05
5914	24.15	96.1
5915	24.15	96.15
5916	24.15	96.2
5917	24.15	96.25
5918	24.15	96.3
5919	24.15	96.35
5920	24.15	96.4
5921	24.15	96.45
5922	24.15	96.5
5923	24.15	96.55
5924	24.15	96.6
5925	24.15	96.65
5926	24.15	96.7
5927	24.15	96.75
5928	24.15	96.8
5929	24.15	96.85
5930	24.15	96.9
5931	24.15	96.95
5932	24.15	97
5933	24.15	97.05
5934	24.15	97.1
5935	24.15	97.15
5936	24.15	97.2
5937	24.15	97.25
5938	24.15	97.3
5939	24.15	97.35
5940	24.15	97.4
5941	24.15	97.45
5942	24.15	97.5
5943	24.15	97.55
5944	24.15	97.6
5945	24.15	97.65
5946	24.15	97.7
5947	24.15	97.75
5948	24.15	97.8
5949	24.15	97.85
5950	24.15	97.9
5951	24.15	97.95
5952	24.15	98
5953	24.15	98.05
5954	24.15	98.1
5955	24.15	98.15
5956	24.15	98.2
5957	24.1	93.6
5958	24.1	93.65
5959	24.1	93.7
5960	24.1	93.75
5961	24.1	93.8
5962	24.1	93.85
5963	24.1	93.9
5964	24.1	93.95
5965	24.1	94
5966	24.1	94.05
5967	24.1	94.1
5968	24.1	94.15
5969	24.1	94.2
5970	24.1	94.25
5971	24.1	94.3
5972	24.1	94.35
5973	24.1	94.4
5974	24.1	94.45
5975	24.1	94.5
5976	24.1	94.55
5977	24.1	94.6
5978	24.1	94.65
5979	24.1	94.7
5980	24.1	94.75
5981	24.1	94.8
5982	24.1	94.85
5983	24.1	94.9
5984	24.1	94.95
5985	24.1	95
5986	24.1	95.05
5987	24.1	95.1
5988	24.1	95.15
5989	24.1	95.2
5990	24.1	95.25
5991	24.1	95.3
5992	24.1	95.35
5993	24.1	95.4
5994	24.1	95.45
5995	24.1	95.5
5996	24.1	95.55
5997	24.1	95.6
5998	24.1	95.65
5999	24.1	95.7
6000	24.1	95.75
6001	24.1	95.8
6002	24.1	95.85
6003	24.1	95.9
6004	24.1	95.95
6005	24.1	96
6006	24.1	96.05
6007	24.1	96.1
6008	24.1	96.15
6009	24.1	96.2
6010	24.1	96.25
6011	24.1	96.3
6012	24.1	96.35
6013	24.1	96.4
6014	24.1	96.45
6015	24.1	96.5
6016	24.1	96.55
6017	24.1	96.6
6018	24.1	96.65
6019	24.1	96.7
6020	24.1	96.75
6021	24.1	96.8
6022	24.1	96.85
6023	24.1	96.9
6024	24.1	96.95
6025	24.1	97
6026	24.1	97.05
6027	24.1	97.1
6028	24.1	97.15
6029	24.1	97.2
6030	24.1	97.25
6031	24.1	97.3
6032	24.1	97.35
6033	24.1	97.4
6034	24.1	97.45
6035	24.1	97.5
6036	24.1	97.55
6037	24.1	97.6
6038	24.1	97.65
6039	24.1	97.7
6040	24.1	97.75
6041	24.1	97.8
6042	24.1	97.85
6043	24.1	97.9
6044	24.1	97.95
6045	24.1	98
6046	24.1	98.05
6047	24.1	98.1
6048	24.1	98.15
6049	24.1	98.2
6050	24.05	93.65
6051	24.05	93.7
6052	24.05	93.75
6053	24.05	93.8
6054	24.05	93.85
6055	24.05	93.9
6056	24.05	93.95
6057	24.05	94
6058	24.05	94.05
6059	24.05	94.1
6060	24.05	94.15
6061	24.05	94.2
6062	24.05	94.25
6063	24.05	94.3
6064	24.05	94.35
6065	24.05	94.4
6066	24.05	94.45
6067	24.05	94.5
6068	24.05	94.55
6069	24.05	94.6
6070	24.05	94.65
6071	24.05	94.7
6072	24.05	94.75
6073	24.05	94.8
6074	24.05	94.85
6075	24.05	94.9
6076	24.05	94.95
6077	24.05	95
6078	24.05	95.05
6079	24.05	95.1
6080	24.05	95.15
6081	24.05	95.2
6082	24.05	95.25
6083	24.05	95.3
6084	24.05	95.35
6085	24.05	95.4
6086	24.05	95.45
6087	24.05	95.5
6088	24.05	95.55
6089	24.05	95.6
6090	24.05	95.65
6091	24.05	95.7
6092	24.05	95.75
6093	24.05	95.8
6094	24.05	95.85
6095	24.05	95.9
6096	24.05	95.95
6097	24.05	96
6098	24.05	96.05
6099	24.05	96.1
6100	24.05	96.15
6101	24.05	96.2
6102	24.05	96.25
6103	24.05	96.3
6104	24.05	96.35
6105	24.05	96.4
6106	24.05	96.45
6107	24.05	96.5
6108	24.05	96.55
6109	24.05	96.6
6110	24.05	96.65
6111	24.05	96.7
6112	24.05	96.75
6113	24.05	96.8
6114	24.05	96.85
6115	24.05	96.9
6116	24.05	96.95
6117	24.05	97
6118	24.05	97.05
6119	24.05	97.1
6120	24.05	97.15
6121	24.05	97.2
6122	24.05	97.25
6123	24.05	97.3
6124	24.05	97.35
6125	24.05	97.4
6126	24.05	97.45
6127	24.05	97.5
6128	24.05	97.55
6129	24.05	97.6
6130	24.05	97.65
6131	24.05	97.7
6132	24.05	97.75
6133	24.05	97.8
6134	24.05	97.85
6135	24.05	97.9
6136	24.05	97.95
6137	24.05	98
6138	24.05	98.05
6139	24.05	98.1
6140	24.05	98.15
6141	24.05	98.2
6142	24	93.65
6143	24	93.7
6144	24	93.75
6145	24	93.8
6146	24	93.85
6147	24	93.9
6148	24	93.95
6149	24	94
6150	24	94.05
6151	24	94.1
6152	24	94.15
6153	24	94.2
6154	24	94.25
6155	24	94.3
6156	24	94.35
6157	24	94.4
6158	24	94.45
6159	24	94.5
6160	24	94.55
6161	24	94.6
6162	24	94.65
6163	24	94.7
6164	24	94.75
6165	24	94.8
6166	24	94.85
6167	24	94.9
6168	24	94.95
6169	24	95
6170	24	95.05
6171	24	95.1
6172	24	95.15
6173	24	95.2
6174	24	95.25
6175	24	95.3
6176	24	95.35
6177	24	95.4
6178	24	95.45
6179	24	95.5
6180	24	95.55
6181	24	95.6
6182	24	95.65
6183	24	95.7
6184	24	95.75
6185	24	95.8
6186	24	95.85
6187	24	95.9
6188	24	95.95
6189	24	96
6190	24	96.05
6191	24	96.1
6192	24	96.15
6193	24	96.2
6194	24	96.25
6195	24	96.3
6196	24	96.35
6197	24	96.4
6198	24	96.45
6199	24	96.5
6200	24	96.55
6201	24	96.6
6202	24	96.65
6203	24	96.7
6204	24	96.75
6205	24	96.8
6206	24	96.85
6207	24	96.9
6208	24	96.95
6209	24	97
6210	24	97.05
6211	24	97.1
6212	24	97.15
6213	24	97.2
6214	24	97.25
6215	24	97.3
6216	24	97.35
6217	24	97.4
6218	24	97.45
6219	24	97.5
6220	24	97.55
6221	24	97.6
6222	24	97.65
6223	24	97.7
6224	24	97.75
6225	24	97.8
6226	24	97.85
6227	24	97.9
6228	24	97.95
6229	24	98
6230	24	98.05
6231	24	98.1
6232	24	98.15
6233	23.95	93.65
6234	23.95	93.7
6235	23.95	93.75
6236	23.95	93.8
6237	23.95	93.85
6238	23.95	93.9
6239	23.95	93.95
6240	23.95	94
6241	23.95	94.05
6242	23.95	94.1
6243	23.95	94.15
6244	23.95	94.2
6245	23.95	94.25
6246	23.95	94.3
6247	23.95	94.35
6248	23.95	94.4
6249	23.95	94.45
6250	23.95	94.5
6251	23.95	94.55
6252	23.95	94.6
6253	23.95	94.65
6254	23.95	94.7
6255	23.95	94.75
6256	23.95	94.8
6257	23.95	94.85
6258	23.95	94.9
6259	23.95	94.95
6260	23.95	95
6261	23.95	95.05
6262	23.95	95.1
6263	23.95	95.15
6264	23.95	95.2
6265	23.95	95.25
6266	23.95	95.3
6267	23.95	95.35
6268	23.95	95.4
6269	23.95	95.45
6270	23.95	95.5
6271	23.95	95.55
6272	23.95	95.6
6273	23.95	95.65
6274	23.95	95.7
6275	23.95	95.75
6276	23.95	95.8
6277	23.95	95.85
6278	23.95	95.9
6279	23.95	95.95
6280	23.95	96
6281	23.95	96.05
6282	23.95	96.1
6283	23.95	96.15
6284	23.95	96.2
6285	23.95	96.25
6286	23.95	96.3
6287	23.95	96.35
6288	23.95	96.4
6289	23.95	96.45
6290	23.95	96.5
6291	23.95	96.55
6292	23.95	96.6
6293	23.95	96.65
6294	23.95	96.7
6295	23.95	96.75
6296	23.95	96.8
6297	23.95	96.85
6298	23.95	96.9
6299	23.95	96.95
6300	23.95	97
6301	23.95	97.05
6302	23.95	97.1
6303	23.95	97.15
6304	23.95	97.2
6305	23.95	97.25
6306	23.95	97.3
6307	23.95	97.35
6308	23.95	97.4
6309	23.95	97.45
6310	23.95	97.5
6311	23.95	97.55
6312	23.95	97.6
6313	23.95	97.65
6314	23.95	97.7
6315	23.95	97.75
6316	23.95	97.8
6317	23.95	97.85
6318	23.95	97.9
6319	23.95	97.95
6320	23.95	98
6321	23.95	98.05
6322	23.95	98.1
6323	23.95	98.15
6324	23.9	93.65
6325	23.9	93.7
6326	23.9	93.75
6327	23.9	93.8
6328	23.9	93.85
6329	23.9	93.9
6330	23.9	93.95
6331	23.9	94
6332	23.9	94.05
6333	23.9	94.1
6334	23.9	94.15
6335	23.9	94.2
6336	23.9	94.25
6337	23.9	94.3
6338	23.9	94.35
6339	23.9	94.4
6340	23.9	94.45
6341	23.9	94.5
6342	23.9	94.55
6343	23.9	94.6
6344	23.9	94.65
6345	23.9	94.7
6346	23.9	94.75
6347	23.9	94.8
6348	23.9	94.85
6349	23.9	94.9
6350	23.9	94.95
6351	23.9	95
6352	23.9	95.05
6353	23.9	95.1
6354	23.9	95.15
6355	23.9	95.2
6356	23.9	95.25
6357	23.9	95.3
6358	23.9	95.35
6359	23.9	95.4
6360	23.9	95.45
6361	23.9	95.5
6362	23.9	95.55
6363	23.9	95.6
6364	23.9	95.65
6365	23.9	95.7
6366	23.9	95.75
6367	23.9	95.8
6368	23.9	95.85
6369	23.9	95.9
6370	23.9	95.95
6371	23.9	96
6372	23.9	96.05
6373	23.9	96.1
6374	23.9	96.15
6375	23.9	96.2
6376	23.9	96.25
6377	23.9	96.3
6378	23.9	96.35
6379	23.9	96.4
6380	23.9	96.45
6381	23.9	96.5
6382	23.9	96.55
6383	23.9	96.6
6384	23.9	96.65
6385	23.9	96.7
6386	23.9	96.75
6387	23.9	96.8
6388	23.9	96.85
6389	23.9	96.9
6390	23.9	96.95
6391	23.9	97
6392	23.9	97.05
6393	23.9	97.1
6394	23.9	97.15
6395	23.9	97.2
6396	23.9	97.25
6397	23.9	97.3
6398	23.9	97.35
6399	23.9	97.4
6400	23.9	97.45
6401	23.9	97.5
6402	23.9	97.55
6403	23.9	97.6
6404	23.9	97.65
6405	23.9	97.7
6406	23.9	97.75
6407	23.9	97.8
6408	23.9	97.85
6409	23.9	97.9
6410	23.9	97.95
6411	23.9	98
6412	23.9	98.05
6413	23.9	98.1
6414	23.85	93.6
6415	23.85	93.65
6416	23.85	93.7
6417	23.85	93.75
6418	23.85	93.8
6419	23.85	93.85
6420	23.85	93.9
6421	23.85	93.95
6422	23.85	94
6423	23.85	94.05
6424	23.85	94.1
6425	23.85	94.15
6426	23.85	94.2
6427	23.85	94.25
6428	23.85	94.3
6429	23.85	94.35
6430	23.85	94.4
6431	23.85	94.45
6432	23.85	94.5
6433	23.85	94.55
6434	23.85	94.6
6435	23.85	94.65
6436	23.85	94.7
6437	23.85	94.75
6438	23.85	94.8
6439	23.85	94.85
6440	23.85	94.9
6441	23.85	94.95
6442	23.85	95
6443	23.85	95.05
6444	23.85	95.1
6445	23.85	95.15
6446	23.85	95.2
6447	23.85	95.25
6448	23.85	95.3
6449	23.85	95.35
6450	23.85	95.4
6451	23.85	95.45
6452	23.85	95.5
6453	23.85	95.55
6454	23.85	95.6
6455	23.85	95.65
6456	23.85	95.7
6457	23.85	95.75
6458	23.85	95.8
6459	23.85	95.85
6460	23.85	95.9
6461	23.85	95.95
6462	23.85	96
6463	23.85	96.05
6464	23.85	96.1
6465	23.85	96.15
6466	23.85	96.2
6467	23.85	96.25
6468	23.85	96.3
6469	23.85	96.35
6470	23.85	96.4
6471	23.85	96.45
6472	23.85	96.5
6473	23.85	96.55
6474	23.85	96.6
6475	23.85	96.65
6476	23.85	96.7
6477	23.85	96.75
6478	23.85	96.8
6479	23.85	96.85
6480	23.85	96.9
6481	23.85	96.95
6482	23.85	97
6483	23.85	97.05
6484	23.85	97.1
6485	23.85	97.15
6486	23.85	97.2
6487	23.85	97.25
6488	23.85	97.3
6489	23.85	97.35
6490	23.85	97.4
6491	23.85	97.45
6492	23.85	97.5
6493	23.85	97.55
6494	23.85	97.6
6495	23.85	97.65
6496	23.85	97.7
6497	23.85	97.75
6498	23.85	97.8
6499	23.85	97.85
6500	23.85	97.9
6501	23.85	97.95
6502	23.85	98
6503	23.85	98.05
6504	23.8	93.6
6505	23.8	93.65
6506	23.8	93.7
6507	23.8	93.75
6508	23.8	93.8
6509	23.8	93.85
6510	23.8	93.9
6511	23.8	93.95
6512	23.8	94
6513	23.8	94.05
6514	23.8	94.1
6515	23.8	94.15
6516	23.8	94.2
6517	23.8	94.25
6518	23.8	94.3
6519	23.8	94.35
6520	23.8	94.4
6521	23.8	94.45
6522	23.8	94.5
6523	23.8	94.55
6524	23.8	94.6
6525	23.8	94.65
6526	23.8	94.7
6527	23.8	94.75
6528	23.8	94.8
6529	23.8	94.85
6530	23.8	94.9
6531	23.8	94.95
6532	23.8	95
6533	23.8	95.05
6534	23.8	95.1
6535	23.8	95.15
6536	23.8	95.2
6537	23.8	95.25
6538	23.8	95.3
6539	23.8	95.35
6540	23.8	95.4
6541	23.8	95.45
6542	23.8	95.5
6543	23.8	95.55
6544	23.8	95.6
6545	23.8	95.65
6546	23.8	95.7
6547	23.8	95.75
6548	23.8	95.8
6549	23.8	95.85
6550	23.8	95.9
6551	23.8	95.95
6552	23.8	96
6553	23.8	96.05
6554	23.8	96.1
6555	23.8	96.15
6556	23.8	96.2
6557	23.8	96.25
6558	23.8	96.3
6559	23.8	96.35
6560	23.8	96.4
6561	23.8	96.45
6562	23.8	96.5
6563	23.8	96.55
6564	23.8	96.6
6565	23.8	96.65
6566	23.8	96.7
6567	23.8	96.75
6568	23.8	96.8
6569	23.8	96.85
6570	23.8	96.9
6571	23.8	96.95
6572	23.8	97
6573	23.8	97.05
6574	23.8	97.1
6575	23.8	97.15
6576	23.8	97.2
6577	23.8	97.25
6578	23.8	97.3
6579	23.8	97.35
6580	23.8	97.4
6581	23.8	97.45
6582	23.8	97.5
6583	23.8	97.55
6584	23.8	97.6
6585	23.8	97.65
6586	23.8	97.7
6587	23.8	97.75
6588	23.8	97.8
6589	23.8	97.85
6590	23.8	97.9
6591	23.8	97.95
6592	23.8	98
6593	23.8	98.05
6594	23.8	98.1
6595	23.75	93.6
6596	23.75	93.65
6597	23.75	93.7
6598	23.75	93.75
6599	23.75	93.8
6600	23.75	93.85
6601	23.75	93.9
6602	23.75	93.95
6603	23.75	94
6604	23.75	94.05
6605	23.75	94.1
6606	23.75	94.15
6607	23.75	94.2
6608	23.75	94.25
6609	23.75	94.3
6610	23.75	94.35
6611	23.75	94.4
6612	23.75	94.45
6613	23.75	94.5
6614	23.75	94.55
6615	23.75	94.6
6616	23.75	94.65
6617	23.75	94.7
6618	23.75	94.75
6619	23.75	94.8
6620	23.75	94.85
6621	23.75	94.9
6622	23.75	94.95
6623	23.75	95
6624	23.75	95.05
6625	23.75	95.1
6626	23.75	95.15
6627	23.75	95.2
6628	23.75	95.25
6629	23.75	95.3
6630	23.75	95.35
6631	23.75	95.4
6632	23.75	95.45
6633	23.75	95.5
6634	23.75	95.55
6635	23.75	95.6
6636	23.75	95.65
6637	23.75	95.7
6638	23.75	95.75
6639	23.75	95.8
6640	23.75	95.85
6641	23.75	95.9
6642	23.75	95.95
6643	23.75	96
6644	23.75	96.05
6645	23.75	96.1
6646	23.75	96.15
6647	23.75	96.2
6648	23.75	96.25
6649	23.75	96.3
6650	23.75	96.35
6651	23.75	96.4
6652	23.75	96.45
6653	23.75	96.5
6654	23.75	96.55
6655	23.75	96.6
6656	23.75	96.65
6657	23.75	96.7
6658	23.75	96.75
6659	23.75	96.8
6660	23.75	96.85
6661	23.75	96.9
6662	23.75	96.95
6663	23.75	97
6664	23.75	97.05
6665	23.75	97.1
6666	23.75	97.15
6667	23.75	97.2
6668	23.75	97.25
6669	23.75	97.3
6670	23.75	97.35
6671	23.75	97.4
6672	23.75	97.45
6673	23.75	97.5
6674	23.75	97.55
6675	23.75	97.6
6676	23.75	97.65
6677	23.75	97.7
6678	23.75	97.75
6679	23.75	97.8
6680	23.75	97.85
6681	23.75	97.9
6682	23.75	97.95
6683	23.75	98
6684	23.75	98.05
6685	23.75	98.1
6686	23.7	93.55
6687	23.7	93.6
6688	23.7	93.65
6689	23.7	93.7
6690	23.7	93.75
6691	23.7	93.8
6692	23.7	93.85
6693	23.7	93.9
6694	23.7	93.95
6695	23.7	94
6696	23.7	94.05
6697	23.7	94.1
6698	23.7	94.15
6699	23.7	94.2
6700	23.7	94.25
6701	23.7	94.3
6702	23.7	94.35
6703	23.7	94.4
6704	23.7	94.45
6705	23.7	94.5
6706	23.7	94.55
6707	23.7	94.6
6708	23.7	94.65
6709	23.7	94.7
6710	23.7	94.75
6711	23.7	94.8
6712	23.7	94.85
6713	23.7	94.9
6714	23.7	94.95
6715	23.7	95
6716	23.7	95.05
6717	23.7	95.1
6718	23.7	95.15
6719	23.7	95.2
6720	23.7	95.25
6721	23.7	95.3
6722	23.7	95.35
6723	23.7	95.4
6724	23.7	95.45
6725	23.7	95.5
6726	23.7	95.55
6727	23.7	95.6
6728	23.7	95.65
6729	23.7	95.7
6730	23.7	95.75
6731	23.7	95.8
6732	23.7	95.85
6733	23.7	95.9
6734	23.7	95.95
6735	23.7	96
6736	23.7	96.05
6737	23.7	96.1
6738	23.7	96.15
6739	23.7	96.2
6740	23.7	96.25
6741	23.7	96.3
6742	23.7	96.35
6743	23.7	96.4
6744	23.7	96.45
6745	23.7	96.5
6746	23.7	96.55
6747	23.7	96.6
6748	23.7	96.65
6749	23.7	96.7
6750	23.7	96.75
6751	23.7	96.8
6752	23.7	96.85
6753	23.7	96.9
6754	23.7	96.95
6755	23.7	97
6756	23.7	97.05
6757	23.7	97.1
6758	23.7	97.15
6759	23.7	97.2
6760	23.7	97.25
6761	23.7	97.3
6762	23.7	97.35
6763	23.7	97.4
6764	23.7	97.45
6765	23.7	97.5
6766	23.7	97.55
6767	23.7	97.6
6768	23.7	97.65
6769	23.7	97.7
6770	23.7	97.75
6771	23.7	97.8
6772	23.7	97.85
6773	23.7	97.9
6774	23.7	97.95
6775	23.7	98
6776	23.7	98.05
6777	23.65	93.6
6778	23.65	93.65
6779	23.65	93.7
6780	23.65	93.75
6781	23.65	93.8
6782	23.65	93.85
6783	23.65	93.9
6784	23.65	93.95
6785	23.65	94
6786	23.65	94.05
6787	23.65	94.1
6788	23.65	94.15
6789	23.65	94.2
6790	23.65	94.25
6791	23.65	94.3
6792	23.65	94.35
6793	23.65	94.4
6794	23.65	94.45
6795	23.65	94.5
6796	23.65	94.55
6797	23.65	94.6
6798	23.65	94.65
6799	23.65	94.7
6800	23.65	94.75
6801	23.65	94.8
6802	23.65	94.85
6803	23.65	94.9
6804	23.65	94.95
6805	23.65	95
6806	23.65	95.05
6807	23.65	95.1
6808	23.65	95.15
6809	23.65	95.2
6810	23.65	95.25
6811	23.65	95.3
6812	23.65	95.35
6813	23.65	95.4
6814	23.65	95.45
6815	23.65	95.5
6816	23.65	95.55
6817	23.65	95.6
6818	23.65	95.65
6819	23.65	95.7
6820	23.65	95.75
6821	23.65	95.8
6822	23.65	95.85
6823	23.65	95.9
6824	23.65	95.95
6825	23.65	96
6826	23.65	96.05
6827	23.65	96.1
6828	23.65	96.15
6829	23.65	96.2
6830	23.65	96.25
6831	23.65	96.3
6832	23.65	96.35
6833	23.65	96.4
6834	23.65	96.45
6835	23.65	96.5
6836	23.65	96.55
6837	23.65	96.6
6838	23.65	96.65
6839	23.65	96.7
6840	23.65	96.75
6841	23.65	96.8
6842	23.65	96.85
6843	23.65	96.9
6844	23.65	96.95
6845	23.65	97
6846	23.65	97.05
6847	23.65	97.1
6848	23.65	97.15
6849	23.65	97.2
6850	23.65	97.25
6851	23.65	97.3
6852	23.65	97.35
6853	23.65	97.4
6854	23.65	97.45
6855	23.65	97.5
6856	23.65	97.55
6857	23.65	97.6
6858	23.65	97.65
6859	23.65	97.7
6860	23.65	97.75
6861	23.65	97.8
6862	23.65	97.85
6863	23.65	97.9
6864	23.65	97.95
6865	23.65	98
6866	23.65	98.05
6867	23.6	93.55
6868	23.6	93.6
6869	23.6	93.65
6870	23.6	93.7
6871	23.6	93.75
6872	23.6	93.8
6873	23.6	93.85
6874	23.6	93.9
6875	23.6	93.95
6876	23.6	94
6877	23.6	94.05
6878	23.6	94.1
6879	23.6	94.15
6880	23.6	94.2
6881	23.6	94.25
6882	23.6	94.3
6883	23.6	94.35
6884	23.6	94.4
6885	23.6	94.45
6886	23.6	94.5
6887	23.6	94.55
6888	23.6	94.6
6889	23.6	94.65
6890	23.6	94.7
6891	23.6	94.75
6892	23.6	94.8
6893	23.6	94.85
6894	23.6	94.9
6895	23.6	94.95
6896	23.6	95
6897	23.6	95.05
6898	23.6	95.1
6899	23.6	95.15
6900	23.6	95.2
6901	23.6	95.25
6902	23.6	95.3
6903	23.6	95.35
6904	23.6	95.4
6905	23.6	95.45
6906	23.6	95.5
6907	23.6	95.55
6908	23.6	95.6
6909	23.6	95.65
6910	23.6	95.7
6911	23.6	95.75
6912	23.6	95.8
6913	23.6	95.85
6914	23.6	95.9
6915	23.6	95.95
6916	23.6	96
6917	23.6	96.05
6918	23.6	96.1
6919	23.6	96.15
6920	23.6	96.2
6921	23.6	96.25
6922	23.6	96.3
6923	23.6	96.35
6924	23.6	96.4
6925	23.6	96.45
6926	23.6	96.5
6927	23.6	96.55
6928	23.6	96.6
6929	23.6	96.65
6930	23.6	96.7
6931	23.6	96.75
6932	23.6	96.8
6933	23.6	96.85
6934	23.6	96.9
6935	23.6	96.95
6936	23.6	97
6937	23.6	97.05
6938	23.6	97.1
6939	23.6	97.15
6940	23.6	97.2
6941	23.6	97.25
6942	23.6	97.3
6943	23.6	97.35
6944	23.6	97.4
6945	23.6	97.45
6946	23.6	97.5
6947	23.6	97.55
6948	23.6	97.6
6949	23.6	97.65
6950	23.6	97.7
6951	23.6	97.75
6952	23.6	97.8
6953	23.6	97.85
6954	23.6	97.9
6955	23.6	97.95
6956	23.6	98
6957	23.6	98.05
6958	23.55	93.55
6959	23.55	93.6
6960	23.55	93.65
6961	23.55	93.7
6962	23.55	93.75
6963	23.55	93.8
6964	23.55	93.85
6965	23.55	93.9
6966	23.55	93.95
6967	23.55	94
6968	23.55	94.05
6969	23.55	94.1
6970	23.55	94.15
6971	23.55	94.2
6972	23.55	94.25
6973	23.55	94.3
6974	23.55	94.35
6975	23.55	94.4
6976	23.55	94.45
6977	23.55	94.5
6978	23.55	94.55
6979	23.55	94.6
6980	23.55	94.65
6981	23.55	94.7
6982	23.55	94.75
6983	23.55	94.8
6984	23.55	94.85
6985	23.55	94.9
6986	23.55	94.95
6987	23.55	95
6988	23.55	95.05
6989	23.55	95.1
6990	23.55	95.15
6991	23.55	95.2
6992	23.55	95.25
6993	23.55	95.3
6994	23.55	95.35
6995	23.55	95.4
6996	23.55	95.45
6997	23.55	95.5
6998	23.55	95.55
6999	23.55	95.6
7000	23.55	95.65
7001	23.55	95.7
7002	23.55	95.75
7003	23.55	95.8
7004	23.55	95.85
7005	23.55	95.9
7006	23.55	95.95
7007	23.55	96
7008	23.55	96.05
7009	23.55	96.1
7010	23.55	96.15
7011	23.55	96.2
7012	23.55	96.25
7013	23.55	96.3
7014	23.55	96.35
7015	23.55	96.4
7016	23.55	96.45
7017	23.55	96.5
7018	23.55	96.55
7019	23.55	96.6
7020	23.55	96.65
7021	23.55	96.7
7022	23.55	96.75
7023	23.55	96.8
7024	23.55	96.85
7025	23.55	96.9
7026	23.55	96.95
7027	23.55	97
7028	23.55	97.05
7029	23.55	97.1
7030	23.55	97.15
7031	23.55	97.2
7032	23.55	97.25
7033	23.55	97.3
7034	23.55	97.35
7035	23.55	97.4
7036	23.55	97.45
7037	23.55	97.5
7038	23.55	97.55
7039	23.55	97.6
7040	23.55	97.65
7041	23.55	97.7
7042	23.55	97.75
7043	23.55	97.8
7044	23.55	97.85
7045	23.55	97.9
7046	23.55	97.95
7047	23.55	98
7048	23.55	98.05
7049	23.55	98.1
7050	23.5	93.55
7051	23.5	93.6
7052	23.5	93.65
7053	23.5	93.7
7054	23.5	93.75
7055	23.5	93.8
7056	23.5	93.85
7057	23.5	93.9
7058	23.5	93.95
7059	23.5	94
7060	23.5	94.05
7061	23.5	94.1
7062	23.5	94.15
7063	23.5	94.2
7064	23.5	94.25
7065	23.5	94.3
7066	23.5	94.35
7067	23.5	94.4
7068	23.5	94.45
7069	23.5	94.5
7070	23.5	94.55
7071	23.5	94.6
7072	23.5	94.65
7073	23.5	94.7
7074	23.5	94.75
7075	23.5	94.8
7076	23.5	94.85
7077	23.5	94.9
7078	23.5	94.95
7079	23.5	95
7080	23.5	95.05
7081	23.5	95.1
7082	23.5	95.15
7083	23.5	95.2
7084	23.5	95.25
7085	23.5	95.3
7086	23.5	95.35
7087	23.5	95.4
7088	23.5	95.45
7089	23.5	95.5
7090	23.5	95.55
7091	23.5	95.6
7092	23.5	95.65
7093	23.5	95.7
7094	23.5	95.75
7095	23.5	95.8
7096	23.5	95.85
7097	23.5	95.9
7098	23.5	95.95
7099	23.5	96
7100	23.5	96.05
7101	23.5	96.1
7102	23.5	96.15
7103	23.5	96.2
7104	23.5	96.25
7105	23.5	96.3
7106	23.5	96.35
7107	23.5	96.4
7108	23.5	96.45
7109	23.5	96.5
7110	23.5	96.55
7111	23.5	96.6
7112	23.5	96.65
7113	23.5	96.7
7114	23.5	96.75
7115	23.5	96.8
7116	23.5	96.85
7117	23.5	96.9
7118	23.5	96.95
7119	23.5	97
7120	23.5	97.05
7121	23.5	97.1
7122	23.5	97.15
7123	23.5	97.2
7124	23.5	97.25
7125	23.5	97.3
7126	23.5	97.35
7127	23.5	97.4
7128	23.5	97.45
7129	23.5	97.5
7130	23.5	97.55
7131	23.5	97.6
7132	23.5	97.65
7133	23.5	97.7
7134	23.5	97.75
7135	23.5	97.8
7136	23.5	97.85
7137	23.5	97.9
7138	23.5	97.95
7139	23.5	98
7140	23.5	98.05
7141	23.5	98.1
7142	23.5	98.15
7143	23.45	93.55
7144	23.45	93.6
7145	23.45	93.65
7146	23.45	93.7
7147	23.45	93.75
7148	23.45	93.8
7149	23.45	93.85
7150	23.45	93.9
7151	23.45	93.95
7152	23.45	94
7153	23.45	94.05
7154	23.45	94.1
7155	23.45	94.15
7156	23.45	94.2
7157	23.45	94.25
7158	23.45	94.3
7159	23.45	94.35
7160	23.45	94.4
7161	23.45	94.45
7162	23.45	94.5
7163	23.45	94.55
7164	23.45	94.6
7165	23.45	94.65
7166	23.45	94.7
7167	23.45	94.75
7168	23.45	94.8
7169	23.45	94.85
7170	23.45	94.9
7171	23.45	94.95
7172	23.45	95
7173	23.45	95.05
7174	23.45	95.1
7175	23.45	95.15
7176	23.45	95.2
7177	23.45	95.25
7178	23.45	95.3
7179	23.45	95.35
7180	23.45	95.4
7181	23.45	95.45
7182	23.45	95.5
7183	23.45	95.55
7184	23.45	95.6
7185	23.45	95.65
7186	23.45	95.7
7187	23.45	95.75
7188	23.45	95.8
7189	23.45	95.85
7190	23.45	95.9
7191	23.45	95.95
7192	23.45	96
7193	23.45	96.05
7194	23.45	96.1
7195	23.45	96.15
7196	23.45	96.2
7197	23.45	96.25
7198	23.45	96.3
7199	23.45	96.35
7200	23.45	96.4
7201	23.45	96.45
7202	23.45	96.5
7203	23.45	96.55
7204	23.45	96.6
7205	23.45	96.65
7206	23.45	96.7
7207	23.45	96.75
7208	23.45	96.8
7209	23.45	96.85
7210	23.45	96.9
7211	23.45	96.95
7212	23.45	97
7213	23.45	97.05
7214	23.45	97.1
7215	23.45	97.15
7216	23.45	97.2
7217	23.45	97.25
7218	23.45	97.3
7219	23.45	97.35
7220	23.45	97.4
7221	23.45	97.45
7222	23.45	97.5
7223	23.45	97.55
7224	23.45	97.6
7225	23.45	97.65
7226	23.45	97.7
7227	23.45	97.75
7228	23.45	97.8
7229	23.45	97.85
7230	23.45	97.9
7231	23.45	97.95
7232	23.45	98
7233	23.45	98.05
7234	23.45	98.1
7235	23.45	98.15
7236	23.4	93.5
7237	23.4	93.55
7238	23.4	93.6
7239	23.4	93.65
7240	23.4	93.7
7241	23.4	93.75
7242	23.4	93.8
7243	23.4	93.85
7244	23.4	93.9
7245	23.4	93.95
7246	23.4	94
7247	23.4	94.05
7248	23.4	94.1
7249	23.4	94.15
7250	23.4	94.2
7251	23.4	94.25
7252	23.4	94.3
7253	23.4	94.35
7254	23.4	94.4
7255	23.4	94.45
7256	23.4	94.5
7257	23.4	94.55
7258	23.4	94.6
7259	23.4	94.65
7260	23.4	94.7
7261	23.4	94.75
7262	23.4	94.8
7263	23.4	94.85
7264	23.4	94.9
7265	23.4	94.95
7266	23.4	95
7267	23.4	95.05
7268	23.4	95.1
7269	23.4	95.15
7270	23.4	95.2
7271	23.4	95.25
7272	23.4	95.3
7273	23.4	95.35
7274	23.4	95.4
7275	23.4	95.45
7276	23.4	95.5
7277	23.4	95.55
7278	23.4	95.6
7279	23.4	95.65
7280	23.4	95.7
7281	23.4	95.75
7282	23.4	95.8
7283	23.4	95.85
7284	23.4	95.9
7285	23.4	95.95
7286	23.4	96
7287	23.4	96.05
7288	23.4	96.1
7289	23.4	96.15
7290	23.4	96.2
7291	23.4	96.25
7292	23.4	96.3
7293	23.4	96.35
7294	23.4	96.4
7295	23.4	96.45
7296	23.4	96.5
7297	23.4	96.55
7298	23.4	96.6
7299	23.4	96.65
7300	23.4	96.7
7301	23.4	96.75
7302	23.4	96.8
7303	23.4	96.85
7304	23.4	96.9
7305	23.4	96.95
7306	23.4	97
7307	23.4	97.05
7308	23.4	97.1
7309	23.4	97.15
7310	23.4	97.2
7311	23.4	97.25
7312	23.4	97.3
7313	23.4	97.35
7314	23.4	97.4
7315	23.4	97.45
7316	23.4	97.5
7317	23.4	97.55
7318	23.4	97.6
7319	23.4	97.65
7320	23.4	97.7
7321	23.4	97.75
7322	23.4	97.8
7323	23.4	97.85
7324	23.4	97.9
7325	23.4	97.95
7326	23.4	98
7327	23.4	98.05
7328	23.4	98.1
7329	23.4	98.15
7330	23.4	98.2
7331	23.35	93.5
7332	23.35	93.55
7333	23.35	93.6
7334	23.35	93.65
7335	23.35	93.7
7336	23.35	93.75
7337	23.35	93.8
7338	23.35	93.85
7339	23.35	93.9
7340	23.35	93.95
7341	23.35	94
7342	23.35	94.05
7343	23.35	94.1
7344	23.35	94.15
7345	23.35	94.2
7346	23.35	94.25
7347	23.35	94.3
7348	23.35	94.35
7349	23.35	94.4
7350	23.35	94.45
7351	23.35	94.5
7352	23.35	94.55
7353	23.35	94.6
7354	23.35	94.65
7355	23.35	94.7
7356	23.35	94.75
7357	23.35	94.8
7358	23.35	94.85
7359	23.35	94.9
7360	23.35	94.95
7361	23.35	95
7362	23.35	95.05
7363	23.35	95.1
7364	23.35	95.15
7365	23.35	95.2
7366	23.35	95.25
7367	23.35	95.3
7368	23.35	95.35
7369	23.35	95.4
7370	23.35	95.45
7371	23.35	95.5
7372	23.35	95.55
7373	23.35	95.6
7374	23.35	95.65
7375	23.35	95.7
7376	23.35	95.75
7377	23.35	95.8
7378	23.35	95.85
7379	23.35	95.9
7380	23.35	95.95
7381	23.35	96
7382	23.35	96.05
7383	23.35	96.1
7384	23.35	96.15
7385	23.35	96.2
7386	23.35	96.25
7387	23.35	96.3
7388	23.35	96.35
7389	23.35	96.4
7390	23.35	96.45
7391	23.35	96.5
7392	23.35	96.55
7393	23.35	96.6
7394	23.35	96.65
7395	23.35	96.7
7396	23.35	96.75
7397	23.35	96.8
7398	23.35	96.85
7399	23.35	96.9
7400	23.35	96.95
7401	23.35	97
7402	23.35	97.05
7403	23.35	97.1
7404	23.35	97.15
7405	23.35	97.2
7406	23.35	97.25
7407	23.35	97.3
7408	23.35	97.35
7409	23.35	97.4
7410	23.35	97.45
7411	23.35	97.5
7412	23.35	97.55
7413	23.35	97.6
7414	23.35	97.65
7415	23.35	97.7
7416	23.35	97.75
7417	23.35	97.8
7418	23.35	97.85
7419	23.35	97.9
7420	23.35	97.95
7421	23.35	98
7422	23.35	98.05
7423	23.35	98.1
7424	23.35	98.15
7425	23.35	98.2
7426	23.35	98.25
7427	23.35	98.3
7428	23.3	93.5
7429	23.3	93.55
7430	23.3	93.6
7431	23.3	93.65
7432	23.3	93.7
7433	23.3	93.75
7434	23.3	93.8
7435	23.3	93.85
7436	23.3	93.9
7437	23.3	93.95
7438	23.3	94
7439	23.3	94.05
7440	23.3	94.1
7441	23.3	94.15
7442	23.3	94.2
7443	23.3	94.25
7444	23.3	94.3
7445	23.3	94.35
7446	23.3	94.4
7447	23.3	94.45
7448	23.3	94.5
7449	23.3	94.55
7450	23.3	94.6
7451	23.3	94.65
7452	23.3	94.7
7453	23.3	94.75
7454	23.3	94.8
7455	23.3	94.85
7456	23.3	94.9
7457	23.3	94.95
7458	23.3	95
7459	23.3	95.05
7460	23.3	95.1
7461	23.3	95.15
7462	23.3	95.2
7463	23.3	95.25
7464	23.3	95.3
7465	23.3	95.35
7466	23.3	95.4
7467	23.3	95.45
7468	23.3	95.5
7469	23.3	95.55
7470	23.3	95.6
7471	23.3	95.65
7472	23.3	95.7
7473	23.3	95.75
7474	23.3	95.8
7475	23.3	95.85
7476	23.3	95.9
7477	23.3	95.95
7478	23.3	96
7479	23.3	96.05
7480	23.3	96.1
7481	23.3	96.15
7482	23.3	96.2
7483	23.3	96.25
7484	23.3	96.3
7485	23.3	96.35
7486	23.3	96.4
7487	23.3	96.45
7488	23.3	96.5
7489	23.3	96.55
7490	23.3	96.6
7491	23.3	96.65
7492	23.3	96.7
7493	23.3	96.75
7494	23.3	96.8
7495	23.3	96.85
7496	23.3	96.9
7497	23.3	96.95
7498	23.3	97
7499	23.3	97.05
7500	23.3	97.1
7501	23.3	97.15
7502	23.3	97.2
7503	23.3	97.25
7504	23.3	97.3
7505	23.3	97.35
7506	23.3	97.4
7507	23.3	97.45
7508	23.3	97.5
7509	23.3	97.55
7510	23.3	97.6
7511	23.3	97.65
7512	23.3	97.7
7513	23.3	97.75
7514	23.3	97.8
7515	23.3	97.85
7516	23.3	97.9
7517	23.3	97.95
7518	23.3	98
7519	23.3	98.05
7520	23.3	98.1
7521	23.3	98.15
7522	23.3	98.2
7523	23.3	98.25
7524	23.25	93.55
7525	23.25	93.6
7526	23.25	93.65
7527	23.25	93.7
7528	23.25	93.75
7529	23.25	93.8
7530	23.25	93.85
7531	23.25	93.9
7532	23.25	93.95
7533	23.25	94
7534	23.25	94.05
7535	23.25	94.1
7536	23.25	94.15
7537	23.25	94.2
7538	23.25	94.25
7539	23.25	94.3
7540	23.25	94.35
7541	23.25	94.4
7542	23.25	94.45
7543	23.25	94.5
7544	23.25	94.55
7545	23.25	94.6
7546	23.25	94.65
7547	23.25	94.7
7548	23.25	94.75
7549	23.25	94.8
7550	23.25	94.85
7551	23.25	94.9
7552	23.25	94.95
7553	23.25	95
7554	23.25	95.05
7555	23.25	95.1
7556	23.25	95.15
7557	23.25	95.2
7558	23.25	95.25
7559	23.25	95.3
7560	23.25	95.35
7561	23.25	95.4
7562	23.25	95.45
7563	23.25	95.5
7564	23.25	95.55
7565	23.25	95.6
7566	23.25	95.65
7567	23.25	95.7
7568	23.25	95.75
7569	23.25	95.8
7570	23.25	95.85
7571	23.25	95.9
7572	23.25	95.95
7573	23.25	96
7574	23.25	96.05
7575	23.25	96.1
7576	23.25	96.15
7577	23.25	96.2
7578	23.25	96.25
7579	23.25	96.3
7580	23.25	96.35
7581	23.25	96.4
7582	23.25	96.45
7583	23.25	96.5
7584	23.25	96.55
7585	23.25	96.6
7586	23.25	96.65
7587	23.25	96.7
7588	23.25	96.75
7589	23.25	96.8
7590	23.25	96.85
7591	23.25	96.9
7592	23.25	96.95
7593	23.25	97
7594	23.25	97.05
7595	23.25	97.1
7596	23.25	97.15
7597	23.25	97.2
7598	23.25	97.25
7599	23.25	97.3
7600	23.25	97.35
7601	23.25	97.4
7602	23.25	97.45
7603	23.25	97.5
7604	23.25	97.55
7605	23.25	97.6
7606	23.25	97.65
7607	23.25	97.7
7608	23.25	97.75
7609	23.25	97.8
7610	23.25	97.85
7611	23.25	97.9
7612	23.25	97.95
7613	23.25	98
7614	23.25	98.05
7615	23.25	98.1
7616	23.25	98.15
7617	23.25	98.2
7618	23.25	98.25
7619	23.2	93.5
7620	23.2	93.55
7621	23.2	93.6
7622	23.2	93.65
7623	23.2	93.7
7624	23.2	93.75
7625	23.2	93.8
7626	23.2	93.85
7627	23.2	93.9
7628	23.2	93.95
7629	23.2	94
7630	23.2	94.05
7631	23.2	94.1
7632	23.2	94.15
7633	23.2	94.2
7634	23.2	94.25
7635	23.2	94.3
7636	23.2	94.35
7637	23.2	94.4
7638	23.2	94.45
7639	23.2	94.5
7640	23.2	94.55
7641	23.2	94.6
7642	23.2	94.65
7643	23.2	94.7
7644	23.2	94.75
7645	23.2	94.8
7646	23.2	94.85
7647	23.2	94.9
7648	23.2	94.95
7649	23.2	95
7650	23.2	95.05
7651	23.2	95.1
7652	23.2	95.15
7653	23.2	95.2
7654	23.2	95.25
7655	23.2	95.3
7656	23.2	95.35
7657	23.2	95.4
7658	23.2	95.45
7659	23.2	95.5
7660	23.2	95.55
7661	23.2	95.6
7662	23.2	95.65
7663	23.2	95.7
7664	23.2	95.75
7665	23.2	95.8
7666	23.2	95.85
7667	23.2	95.9
7668	23.2	95.95
7669	23.2	96
7670	23.2	96.05
7671	23.2	96.1
7672	23.2	96.15
7673	23.2	96.2
7674	23.2	96.25
7675	23.2	96.3
7676	23.2	96.35
7677	23.2	96.4
7678	23.2	96.45
7679	23.2	96.5
7680	23.2	96.55
7681	23.2	96.6
7682	23.2	96.65
7683	23.2	96.7
7684	23.2	96.75
7685	23.2	96.8
7686	23.2	96.85
7687	23.2	96.9
7688	23.2	96.95
7689	23.2	97
7690	23.2	97.05
7691	23.2	97.1
7692	23.2	97.15
7693	23.2	97.2
7694	23.2	97.25
7695	23.2	97.3
7696	23.2	97.35
7697	23.2	97.4
7698	23.2	97.45
7699	23.2	97.5
7700	23.2	97.55
7701	23.2	97.6
7702	23.2	97.65
7703	23.2	97.7
7704	23.2	97.75
7705	23.2	97.8
7706	23.2	97.85
7707	23.2	97.9
7708	23.2	97.95
7709	23.2	98
7710	23.2	98.05
7711	23.2	98.1
7712	23.2	98.15
7713	23.15	93.55
7714	23.15	93.6
7715	23.15	93.65
7716	23.15	93.7
7717	23.15	93.75
7718	23.15	93.8
7719	23.15	93.85
7720	23.15	93.9
7721	23.15	93.95
7722	23.15	94
7723	23.15	94.05
7724	23.15	94.1
7725	23.15	94.15
7726	23.15	94.2
7727	23.15	94.25
7728	23.15	94.3
7729	23.15	94.35
7730	23.15	94.4
7731	23.15	94.45
7732	23.15	94.5
7733	23.15	94.55
7734	23.15	94.6
7735	23.15	94.65
7736	23.15	94.7
7737	23.15	94.75
7738	23.15	94.8
7739	23.15	94.85
7740	23.15	94.9
7741	23.15	94.95
7742	23.15	95
7743	23.15	95.05
7744	23.15	95.1
7745	23.15	95.15
7746	23.15	95.2
7747	23.15	95.25
7748	23.15	95.3
7749	23.15	95.35
7750	23.15	95.4
7751	23.15	95.45
7752	23.15	95.5
7753	23.15	95.55
7754	23.15	95.6
7755	23.15	95.65
7756	23.15	95.7
7757	23.15	95.75
7758	23.15	95.8
7759	23.15	95.85
7760	23.15	95.9
7761	23.15	95.95
7762	23.15	96
7763	23.15	96.05
7764	23.15	96.1
7765	23.15	96.15
7766	23.15	96.2
7767	23.15	96.25
7768	23.15	96.3
7769	23.15	96.35
7770	23.15	96.4
7771	23.15	96.45
7772	23.15	96.5
7773	23.15	96.55
7774	23.15	96.6
7775	23.15	96.65
7776	23.15	96.7
7777	23.15	96.75
7778	23.15	96.8
7779	23.15	96.85
7780	23.15	96.9
7781	23.15	96.95
7782	23.15	97
7783	23.15	97.05
7784	23.15	97.1
7785	23.15	97.15
7786	23.15	97.2
7787	23.15	97.25
7788	23.15	97.3
7789	23.15	97.35
7790	23.15	97.4
7791	23.15	97.45
7792	23.15	97.5
7793	23.15	97.55
7794	23.15	97.6
7795	23.15	97.65
7796	23.15	97.7
7797	23.15	97.75
7798	23.15	97.8
7799	23.15	97.85
7800	23.15	97.9
7801	23.15	97.95
7802	23.15	98
7803	23.15	98.05
7804	23.1	93.55
7805	23.1	93.6
7806	23.1	93.65
7807	23.1	93.7
7808	23.1	93.75
7809	23.1	93.8
7810	23.1	93.85
7811	23.1	93.9
7812	23.1	93.95
7813	23.1	94
7814	23.1	94.05
7815	23.1	94.1
7816	23.1	94.15
7817	23.1	94.2
7818	23.1	94.25
7819	23.1	94.3
7820	23.1	94.35
7821	23.1	94.4
7822	23.1	94.45
7823	23.1	94.5
7824	23.1	94.55
7825	23.1	94.6
7826	23.1	94.65
7827	23.1	94.7
7828	23.1	94.75
7829	23.1	94.8
7830	23.1	94.85
7831	23.1	94.9
7832	23.1	94.95
7833	23.1	95
7834	23.1	95.05
7835	23.1	95.1
7836	23.1	95.15
7837	23.1	95.2
7838	23.1	95.25
7839	23.1	95.3
7840	23.1	95.35
7841	23.1	95.4
7842	23.1	95.45
7843	23.1	95.5
7844	23.1	95.55
7845	23.1	95.6
7846	23.1	95.65
7847	23.1	95.7
7848	23.1	95.75
7849	23.1	95.8
7850	23.1	95.85
7851	23.1	95.9
7852	23.1	95.95
7853	23.1	96
7854	23.1	96.05
7855	23.1	96.1
7856	23.1	96.15
7857	23.1	96.2
7858	23.1	96.25
7859	23.1	96.3
7860	23.1	96.35
7861	23.1	96.4
7862	23.1	96.45
7863	23.1	96.5
7864	23.1	96.55
7865	23.1	96.6
7866	23.1	96.65
7867	23.1	96.7
7868	23.1	96.75
7869	23.1	96.8
7870	23.1	96.85
7871	23.1	96.9
7872	23.1	96.95
7873	23.1	97
7874	23.1	97.05
7875	23.1	97.1
7876	23.1	97.15
7877	23.1	97.2
7878	23.1	97.25
7879	23.1	97.3
7880	23.1	97.35
7881	23.1	97.4
7882	23.1	97.45
7883	23.1	97.5
7884	23.1	97.55
7885	23.1	97.6
7886	23.1	97.65
7887	23.1	97.7
7888	23.1	97.75
7889	23.1	97.8
7890	23.1	97.85
7891	23.1	97.9
7892	23.1	97.95
7893	23.1	98
7894	23.1	98.05
7895	23.05	93.55
7896	23.05	93.6
7897	23.05	93.65
7898	23.05	93.7
7899	23.05	93.75
7900	23.05	93.8
7901	23.05	93.85
7902	23.05	93.9
7903	23.05	93.95
7904	23.05	94
7905	23.05	94.05
7906	23.05	94.1
7907	23.05	94.15
7908	23.05	94.2
7909	23.05	94.25
7910	23.05	94.3
7911	23.05	94.35
7912	23.05	94.4
7913	23.05	94.45
7914	23.05	94.5
7915	23.05	94.55
7916	23.05	94.6
7917	23.05	94.65
7918	23.05	94.7
7919	23.05	94.75
7920	23.05	94.8
7921	23.05	94.85
7922	23.05	94.9
7923	23.05	94.95
7924	23.05	95
7925	23.05	95.05
7926	23.05	95.1
7927	23.05	95.15
7928	23.05	95.2
7929	23.05	95.25
7930	23.05	95.3
7931	23.05	95.35
7932	23.05	95.4
7933	23.05	95.45
7934	23.05	95.5
7935	23.05	95.55
7936	23.05	95.6
7937	23.05	95.65
7938	23.05	95.7
7939	23.05	95.75
7940	23.05	95.8
7941	23.05	95.85
7942	23.05	95.9
7943	23.05	95.95
7944	23.05	96
7945	23.05	96.05
7946	23.05	96.1
7947	23.05	96.15
7948	23.05	96.2
7949	23.05	96.25
7950	23.05	96.3
7951	23.05	96.35
7952	23.05	96.4
7953	23.05	96.45
7954	23.05	96.5
7955	23.05	96.55
7956	23.05	96.6
7957	23.05	96.65
7958	23.05	96.7
7959	23.05	96.75
7960	23.05	96.8
7961	23.05	96.85
7962	23.05	96.9
7963	23.05	96.95
7964	23.05	97
7965	23.05	97.05
7966	23.05	97.1
7967	23.05	97.15
7968	23.05	97.2
7969	23.05	97.25
7970	23.05	97.3
7971	23.05	97.35
7972	23.05	97.4
7973	23.05	97.45
7974	23.05	97.5
7975	23.05	97.55
7976	23.05	97.6
7977	23.05	97.65
7978	23.05	97.7
7979	23.05	97.75
7980	23.05	97.8
7981	23.05	97.85
7982	23.05	97.9
7983	23.05	97.95
7984	23.05	98
7985	23.05	98.05
7986	23.05	98.1
7987	23.05	98.15
7988	23.05	98.2
7989	23	93.55
7990	23	93.6
7991	23	93.65
7992	23	93.7
7993	23	93.75
7994	23	93.8
7995	23	93.85
7996	23	93.9
7997	23	93.95
7998	23	94
7999	23	94.05
8000	23	94.1
8001	23	94.15
8002	23	94.2
8003	23	94.25
8004	23	94.3
8005	23	94.35
8006	23	94.4
8007	23	94.45
8008	23	94.5
8009	23	94.55
8010	23	94.6
8011	23	94.65
8012	23	94.7
8013	23	94.75
8014	23	94.8
8015	23	94.85
8016	23	94.9
8017	23	94.95
8018	23	95
8019	23	95.05
8020	23	95.1
8021	23	95.15
8022	23	95.2
8023	23	95.25
8024	23	95.3
8025	23	95.35
8026	23	95.4
8027	23	95.45
8028	23	95.5
8029	23	95.55
8030	23	95.6
8031	23	95.65
8032	23	95.7
8033	23	95.75
8034	23	95.8
8035	23	95.85
8036	23	95.9
8037	23	95.95
8038	23	96
8039	23	96.05
8040	23	96.1
8041	23	96.15
8042	23	96.2
8043	23	96.25
8044	23	96.3
8045	23	96.35
8046	23	96.4
8047	23	96.45
8048	23	96.5
8049	23	96.55
8050	23	96.6
8051	23	96.65
8052	23	96.7
8053	23	96.75
8054	23	96.8
8055	23	96.85
8056	23	96.9
8057	23	96.95
8058	23	97
8059	23	97.05
8060	23	97.1
8061	23	97.15
8062	23	97.2
8063	23	97.25
8064	23	97.3
8065	23	97.35
8066	23	97.4
8067	23	97.45
8068	23	97.5
8069	23	97.55
8070	23	97.6
8071	23	97.65
8072	23	97.7
8073	23	97.75
8074	23	97.8
8075	23	97.85
8076	23	97.9
8077	23	97.95
8078	23	98
8079	23	98.05
8080	23	98.1
8081	23	98.15
8082	23	98.2
8083	22.95	93.55
8084	22.95	93.6
8085	22.95	93.65
8086	22.95	93.7
8087	22.95	93.75
8088	22.95	93.8
8089	22.95	93.85
8090	22.95	93.9
8091	22.95	93.95
8092	22.95	94
8093	22.95	94.05
8094	22.95	94.1
8095	22.95	94.15
8096	22.95	94.2
8097	22.95	94.25
8098	22.95	94.3
8099	22.95	94.35
8100	22.95	94.4
8101	22.95	94.45
8102	22.95	94.5
8103	22.95	94.55
8104	22.95	94.6
8105	22.95	94.65
8106	22.95	94.7
8107	22.95	94.75
8108	22.95	94.8
8109	22.95	94.85
8110	22.95	94.9
8111	22.95	94.95
8112	22.95	95
8113	22.95	95.05
8114	22.95	95.1
8115	22.95	95.15
8116	22.95	95.2
8117	22.95	95.25
8118	22.95	95.3
8119	22.95	95.35
8120	22.95	95.4
8121	22.95	95.45
8122	22.95	95.5
8123	22.95	95.55
8124	22.95	95.6
8125	22.95	95.65
8126	22.95	95.7
8127	22.95	95.75
8128	22.95	95.8
8129	22.95	95.85
8130	22.95	95.9
8131	22.95	95.95
8132	22.95	96
8133	22.95	96.05
8134	22.95	96.1
8135	22.95	96.15
8136	22.95	96.2
8137	22.95	96.25
8138	22.95	96.3
8139	22.95	96.35
8140	22.95	96.4
8141	22.95	96.45
8142	22.95	96.5
8143	22.95	96.55
8144	22.95	96.6
8145	22.95	96.65
8146	22.95	96.7
8147	22.95	96.75
8148	22.95	96.8
8149	22.95	96.85
8150	22.95	96.9
8151	22.95	96.95
8152	22.95	97
8153	22.95	97.05
8154	22.95	97.1
8155	22.95	97.15
8156	22.95	97.2
8157	22.95	97.25
8158	22.95	97.3
8159	22.95	97.35
8160	22.95	97.4
8161	22.95	97.45
8162	22.95	97.5
8163	22.95	97.55
8164	22.95	97.6
8165	22.95	97.65
8166	22.95	97.7
8167	22.95	97.75
8168	22.95	97.8
8169	22.95	97.85
8170	22.95	97.9
8171	22.95	97.95
8172	22.95	98
8173	22.95	98.05
8174	22.95	98.1
8175	22.95	98.15
8176	22.95	98.2
8177	22.9	93.55
8178	22.9	93.6
8179	22.9	93.65
8180	22.9	93.7
8181	22.9	93.75
8182	22.9	93.8
8183	22.9	93.85
8184	22.9	93.9
8185	22.9	93.95
8186	22.9	94
8187	22.9	94.05
8188	22.9	94.1
8189	22.9	94.15
8190	22.9	94.2
8191	22.9	94.25
8192	22.9	94.3
8193	22.9	94.35
8194	22.9	94.4
8195	22.9	94.45
8196	22.9	94.5
8197	22.9	94.55
8198	22.9	94.6
8199	22.9	94.65
8200	22.9	94.7
8201	22.9	94.75
8202	22.9	94.8
8203	22.9	94.85
8204	22.9	94.9
8205	22.9	94.95
8206	22.9	95
8207	22.9	95.05
8208	22.9	95.1
8209	22.9	95.15
8210	22.9	95.2
8211	22.9	95.25
8212	22.9	95.3
8213	22.9	95.35
8214	22.9	95.4
8215	22.9	95.45
8216	22.9	95.5
8217	22.9	95.55
8218	22.9	95.6
8219	22.9	95.65
8220	22.9	95.7
8221	22.9	95.75
8222	22.9	95.8
8223	22.9	95.85
8224	22.9	95.9
8225	22.9	95.95
8226	22.9	96
8227	22.9	96.05
8228	22.9	96.1
8229	22.9	96.15
8230	22.9	96.2
8231	22.9	96.25
8232	22.9	96.3
8233	22.9	96.35
8234	22.9	96.4
8235	22.9	96.45
8236	22.9	96.5
8237	22.9	96.55
8238	22.9	96.6
8239	22.9	96.65
8240	22.9	96.7
8241	22.9	96.75
8242	22.9	96.8
8243	22.9	96.85
8244	22.9	96.9
8245	22.9	96.95
8246	22.9	97
8247	22.9	97.05
8248	22.9	97.1
8249	22.9	97.15
8250	22.9	97.2
8251	22.9	97.25
8252	22.9	97.3
8253	22.9	97.35
8254	22.9	97.4
8255	22.9	97.45
8256	22.9	97.5
8257	22.9	97.55
8258	22.9	97.6
8259	22.9	97.65
8260	22.9	97.7
8261	22.9	97.75
8262	22.9	97.8
8263	22.9	97.85
8264	22.9	97.9
8265	22.9	97.95
8266	22.9	98
8267	22.9	98.05
8268	22.9	98.1
8269	22.9	98.15
8270	22.9	98.2
8271	22.9	98.25
8272	22.85	93.55
8273	22.85	93.6
8274	22.85	93.65
8275	22.85	93.7
8276	22.85	93.75
8277	22.85	93.8
8278	22.85	93.85
8279	22.85	93.9
8280	22.85	93.95
8281	22.85	94
8282	22.85	94.05
8283	22.85	94.1
8284	22.85	94.15
8285	22.85	94.2
8286	22.85	94.25
8287	22.85	94.3
8288	22.85	94.35
8289	22.85	94.4
8290	22.85	94.45
8291	22.85	94.5
8292	22.85	94.55
8293	22.85	94.6
8294	22.85	94.65
8295	22.85	94.7
8296	22.85	94.75
8297	22.85	94.8
8298	22.85	94.85
8299	22.85	94.9
8300	22.85	94.95
8301	22.85	95
8302	22.85	95.05
8303	22.85	95.1
8304	22.85	95.15
8305	22.85	95.2
8306	22.85	95.25
8307	22.85	95.3
8308	22.85	95.35
8309	22.85	95.4
8310	22.85	95.45
8311	22.85	95.5
8312	22.85	95.55
8313	22.85	95.6
8314	22.85	95.65
8315	22.85	95.7
8316	22.85	95.75
8317	22.85	95.8
8318	22.85	95.85
8319	22.85	95.9
8320	22.85	95.95
8321	22.85	96
8322	22.85	96.05
8323	22.85	96.1
8324	22.85	96.15
8325	22.85	96.2
8326	22.85	96.25
8327	22.85	96.3
8328	22.85	96.35
8329	22.85	96.4
8330	22.85	96.45
8331	22.85	96.5
8332	22.85	96.55
8333	22.85	96.6
8334	22.85	96.65
8335	22.85	96.7
8336	22.85	96.75
8337	22.85	96.8
8338	22.85	96.85
8339	22.85	96.9
8340	22.85	96.95
8341	22.85	97
8342	22.85	97.05
8343	22.85	97.1
8344	22.85	97.15
8345	22.85	97.2
8346	22.85	97.25
8347	22.85	97.3
8348	22.85	97.35
8349	22.85	97.4
8350	22.85	97.45
8351	22.85	97.5
8352	22.85	97.55
8353	22.85	97.6
8354	22.85	97.65
8355	22.85	97.7
8356	22.85	97.75
8357	22.85	97.8
8358	22.85	97.85
8359	22.85	97.9
8360	22.85	97.95
8361	22.85	98
8362	22.85	98.05
8363	22.85	98.1
8364	22.85	98.15
8365	22.85	98.2
8366	22.8	93.55
8367	22.8	93.6
8368	22.8	93.65
8369	22.8	93.7
8370	22.8	93.75
8371	22.8	93.8
8372	22.8	93.85
8373	22.8	93.9
8374	22.8	93.95
8375	22.8	94
8376	22.8	94.05
8377	22.8	94.1
8378	22.8	94.15
8379	22.8	94.2
8380	22.8	94.25
8381	22.8	94.3
8382	22.8	94.35
8383	22.8	94.4
8384	22.8	94.45
8385	22.8	94.5
8386	22.8	94.55
8387	22.8	94.6
8388	22.8	94.65
8389	22.8	94.7
8390	22.8	94.75
8391	22.8	94.8
8392	22.8	94.85
8393	22.8	94.9
8394	22.8	94.95
8395	22.8	95
8396	22.8	95.05
8397	22.8	95.1
8398	22.8	95.15
8399	22.8	95.2
8400	22.8	95.25
8401	22.8	95.3
8402	22.8	95.35
8403	22.8	95.4
8404	22.8	95.45
8405	22.8	95.5
8406	22.8	95.55
8407	22.8	95.6
8408	22.8	95.65
8409	22.8	95.7
8410	22.8	95.75
8411	22.8	95.8
8412	22.8	95.85
8413	22.8	95.9
8414	22.8	95.95
8415	22.8	96
8416	22.8	96.05
8417	22.8	96.1
8418	22.8	96.15
8419	22.8	96.2
8420	22.8	96.25
8421	22.8	96.3
8422	22.8	96.35
8423	22.8	96.4
8424	22.8	96.45
8425	22.8	96.5
8426	22.8	96.55
8427	22.8	96.6
8428	22.8	96.65
8429	22.8	96.7
8430	22.8	96.75
8431	22.8	96.8
8432	22.8	96.85
8433	22.8	96.9
8434	22.8	96.95
8435	22.8	97
8436	22.8	97.05
8437	22.8	97.1
8438	22.8	97.15
8439	22.8	97.2
8440	22.8	97.25
8441	22.8	97.3
8442	22.8	97.35
8443	22.8	97.4
8444	22.8	97.45
8445	22.8	97.5
8446	22.8	97.55
8447	22.8	97.6
8448	22.8	97.65
8449	22.8	97.7
8450	22.8	97.75
8451	22.8	97.8
8452	22.8	97.85
8453	22.8	97.9
8454	22.8	97.95
8455	22.8	98
8456	22.8	98.05
8457	22.8	98.1
8458	22.8	98.15
8459	22.8	98.2
8460	22.75	93.6
8461	22.75	93.65
8462	22.75	93.7
8463	22.75	93.75
8464	22.75	93.8
8465	22.75	93.85
8466	22.75	93.9
8467	22.75	93.95
8468	22.75	94
8469	22.75	94.05
8470	22.75	94.1
8471	22.75	94.15
8472	22.75	94.2
8473	22.75	94.25
8474	22.75	94.3
8475	22.75	94.35
8476	22.75	94.4
8477	22.75	94.45
8478	22.75	94.5
8479	22.75	94.55
8480	22.75	94.6
8481	22.75	94.65
8482	22.75	94.7
8483	22.75	94.75
8484	22.75	94.8
8485	22.75	94.85
8486	22.75	94.9
8487	22.75	94.95
8488	22.75	95
8489	22.75	95.05
8490	22.75	95.1
8491	22.75	95.15
8492	22.75	95.2
8493	22.75	95.25
8494	22.75	95.3
8495	22.75	95.35
8496	22.75	95.4
8497	22.75	95.45
8498	22.75	95.5
8499	22.75	95.55
8500	22.75	95.6
8501	22.75	95.65
8502	22.75	95.7
8503	22.75	95.75
8504	22.75	95.8
8505	22.75	95.85
8506	22.75	95.9
8507	22.75	95.95
8508	22.75	96
8509	22.75	96.05
8510	22.75	96.1
8511	22.75	96.15
8512	22.75	96.2
8513	22.75	96.25
8514	22.75	96.3
8515	22.75	96.35
8516	22.75	96.4
8517	22.75	96.45
8518	22.75	96.5
8519	22.75	96.55
8520	22.75	96.6
8521	22.75	96.65
8522	22.75	96.7
8523	22.75	96.75
8524	22.75	96.8
8525	22.75	96.85
8526	22.75	96.9
8527	22.75	96.95
8528	22.75	97
8529	22.75	97.05
8530	22.75	97.1
8531	22.75	97.15
8532	22.75	97.2
8533	22.75	97.25
8534	22.75	97.3
8535	22.75	97.35
8536	22.75	97.4
8537	22.75	97.45
8538	22.75	97.5
8539	22.75	97.55
8540	22.75	97.6
8541	22.75	97.65
8542	22.75	97.7
8543	22.75	97.75
8544	22.75	97.8
8545	22.75	97.85
8546	22.75	97.9
8547	22.75	97.95
8548	22.75	98
8549	22.75	98.05
8550	22.75	98.1
8551	22.75	98.15
8552	22.7	93.6
8553	22.7	93.65
8554	22.7	93.7
8555	22.7	93.75
8556	22.7	93.8
8557	22.7	93.85
8558	22.7	93.9
8559	22.7	93.95
8560	22.7	94
8561	22.7	94.05
8562	22.7	94.1
8563	22.7	94.15
8564	22.7	94.2
8565	22.7	94.25
8566	22.7	94.3
8567	22.7	94.35
8568	22.7	94.4
8569	22.7	94.45
8570	22.7	94.5
8571	22.7	94.55
8572	22.7	94.6
8573	22.7	94.65
8574	22.7	94.7
8575	22.7	94.75
8576	22.7	94.8
8577	22.7	94.85
8578	22.7	94.9
8579	22.7	94.95
8580	22.7	95
8581	22.7	95.05
8582	22.7	95.1
8583	22.7	95.15
8584	22.7	95.2
8585	22.7	95.25
8586	22.7	95.3
8587	22.7	95.35
8588	22.7	95.4
8589	22.7	95.45
8590	22.7	95.5
8591	22.7	95.55
8592	22.7	95.6
8593	22.7	95.65
8594	22.7	95.7
8595	22.7	95.75
8596	22.7	95.8
8597	22.7	95.85
8598	22.7	95.9
8599	22.7	95.95
8600	22.7	96
8601	22.7	96.05
8602	22.7	96.1
8603	22.7	96.15
8604	22.7	96.2
8605	22.7	96.25
8606	22.7	96.3
8607	22.7	96.35
8608	22.7	96.4
8609	22.7	96.45
8610	22.7	96.5
8611	22.7	96.55
8612	22.7	96.6
8613	22.7	96.65
8614	22.7	96.7
8615	22.7	96.75
8616	22.7	96.8
8617	22.7	96.85
8618	22.7	96.9
8619	22.7	96.95
8620	22.7	97
8621	22.7	97.05
8622	22.7	97.1
8623	22.7	97.15
8624	22.7	97.2
8625	22.7	97.25
8626	22.7	97.3
8627	22.7	97.35
8628	22.7	97.4
8629	22.7	97.45
8630	22.7	97.5
8631	22.7	97.55
8632	22.7	97.6
8633	22.7	97.65
8634	22.7	97.7
8635	22.7	97.75
8636	22.7	97.8
8637	22.7	97.85
8638	22.7	97.9
8639	22.7	97.95
8640	22.7	98
8641	22.7	98.05
8642	22.7	98.1
8643	22.65	93.6
8644	22.65	93.65
8645	22.65	93.7
8646	22.65	93.75
8647	22.65	93.8
8648	22.65	93.85
8649	22.65	93.9
8650	22.65	93.95
8651	22.65	94
8652	22.65	94.05
8653	22.65	94.1
8654	22.65	94.15
8655	22.65	94.2
8656	22.65	94.25
8657	22.65	94.3
8658	22.65	94.35
8659	22.65	94.4
8660	22.65	94.45
8661	22.65	94.5
8662	22.65	94.55
8663	22.65	94.6
8664	22.65	94.65
8665	22.65	94.7
8666	22.65	94.75
8667	22.65	94.8
8668	22.65	94.85
8669	22.65	94.9
8670	22.65	94.95
8671	22.65	95
8672	22.65	95.05
8673	22.65	95.1
8674	22.65	95.15
8675	22.65	95.2
8676	22.65	95.25
8677	22.65	95.3
8678	22.65	95.35
8679	22.65	95.4
8680	22.65	95.45
8681	22.65	95.5
8682	22.65	95.55
8683	22.65	95.6
8684	22.65	95.65
8685	22.65	95.7
8686	22.65	95.75
8687	22.65	95.8
8688	22.65	95.85
8689	22.65	95.9
8690	22.65	95.95
8691	22.65	96
8692	22.65	96.05
8693	22.65	96.1
8694	22.65	96.15
8695	22.65	96.2
8696	22.65	96.25
8697	22.65	96.3
8698	22.65	96.35
8699	22.65	96.4
8700	22.65	96.45
8701	22.65	96.5
8702	22.65	96.55
8703	22.65	96.6
8704	22.65	96.65
8705	22.65	96.7
8706	22.65	96.75
8707	22.65	96.8
8708	22.65	96.85
8709	22.65	96.9
8710	22.65	96.95
8711	22.65	97
8712	22.65	97.05
8713	22.65	97.1
8714	22.65	97.15
8715	22.65	97.2
8716	22.65	97.25
8717	22.65	97.3
8718	22.65	97.35
8719	22.65	97.4
8720	22.65	97.45
8721	22.65	97.5
8722	22.65	97.55
8723	22.65	97.6
8724	22.65	97.65
8725	22.65	97.7
8726	22.65	97.75
8727	22.65	97.8
8728	22.65	97.85
8729	22.65	97.9
8730	22.65	97.95
8731	22.65	98
8732	22.65	98.05
8733	22.6	93.65
8734	22.6	93.7
8735	22.6	93.75
8736	22.6	93.8
8737	22.6	93.85
8738	22.6	93.9
8739	22.6	93.95
8740	22.6	94
8741	22.6	94.05
8742	22.6	94.1
8743	22.6	94.15
8744	22.6	94.2
8745	22.6	94.25
8746	22.6	94.3
8747	22.6	94.35
8748	22.6	94.4
8749	22.6	94.45
8750	22.6	94.5
8751	22.6	94.55
8752	22.6	94.6
8753	22.6	94.65
8754	22.6	94.7
8755	22.6	94.75
8756	22.6	94.8
8757	22.6	94.85
8758	22.6	94.9
8759	22.6	94.95
8760	22.6	95
8761	22.6	95.05
8762	22.6	95.1
8763	22.6	95.15
8764	22.6	95.2
8765	22.6	95.25
8766	22.6	95.3
8767	22.6	95.35
8768	22.6	95.4
8769	22.6	95.45
8770	22.6	95.5
8771	22.6	95.55
8772	22.6	95.6
8773	22.6	95.65
8774	22.6	95.7
8775	22.6	95.75
8776	22.6	95.8
8777	22.6	95.85
8778	22.6	95.9
8779	22.6	95.95
8780	22.6	96
8781	22.6	96.05
8782	22.6	96.1
8783	22.6	96.15
8784	22.6	96.2
8785	22.6	96.25
8786	22.6	96.3
8787	22.6	96.35
8788	22.6	96.4
8789	22.6	96.45
8790	22.6	96.5
8791	22.6	96.55
8792	22.6	96.6
8793	22.6	96.65
8794	22.6	96.7
8795	22.6	96.75
8796	22.6	96.8
8797	22.6	96.85
8798	22.6	96.9
8799	22.6	96.95
8800	22.6	97
8801	22.6	97.05
8802	22.6	97.1
8803	22.6	97.15
8804	22.6	97.2
8805	22.6	97.25
8806	22.6	97.3
8807	22.6	97.35
8808	22.6	97.4
8809	22.6	97.45
8810	22.6	97.5
8811	22.6	97.55
8812	22.6	97.6
8813	22.6	97.65
8814	22.6	97.7
8815	22.6	97.75
8816	22.6	97.8
8817	22.6	97.85
8818	22.6	97.9
8819	22.6	97.95
8820	22.6	98
8821	22.55	93.65
8822	22.55	93.7
8823	22.55	93.75
8824	22.55	93.8
8825	22.55	93.85
8826	22.55	93.9
8827	22.55	93.95
8828	22.55	94
8829	22.55	94.05
8830	22.55	94.1
8831	22.55	94.15
8832	22.55	94.2
8833	22.55	94.25
8834	22.55	94.3
8835	22.55	94.35
8836	22.55	94.4
8837	22.55	94.45
8838	22.55	94.5
8839	22.55	94.55
8840	22.55	94.6
8841	22.55	94.65
8842	22.55	94.7
8843	22.55	94.75
8844	22.55	94.8
8845	22.55	94.85
8846	22.55	94.9
8847	22.55	94.95
8848	22.55	95
8849	22.55	95.05
8850	22.55	95.1
8851	22.55	95.15
8852	22.55	95.2
8853	22.55	95.25
8854	22.55	95.3
8855	22.55	95.35
8856	22.55	95.4
8857	22.55	95.45
8858	22.55	95.5
8859	22.55	95.55
8860	22.55	95.6
8861	22.55	95.65
8862	22.55	95.7
8863	22.55	95.75
8864	22.55	95.8
8865	22.55	95.85
8866	22.55	95.9
8867	22.55	95.95
8868	22.55	96
8869	22.55	96.05
8870	22.55	96.1
8871	22.55	96.15
8872	22.55	96.2
8873	22.55	96.25
8874	22.55	96.3
8875	22.55	96.35
8876	22.55	96.4
8877	22.55	96.45
8878	22.55	96.5
8879	22.55	96.55
8880	22.55	96.6
8881	22.55	96.65
8882	22.55	96.7
8883	22.55	96.75
8884	22.55	96.8
8885	22.55	96.85
8886	22.55	96.9
8887	22.55	96.95
8888	22.55	97
8889	22.55	97.05
8890	22.55	97.1
8891	22.55	97.15
8892	22.55	97.2
8893	22.55	97.25
8894	22.55	97.3
8895	22.55	97.35
8896	22.55	97.4
8897	22.55	97.45
8898	22.55	97.5
8899	22.55	97.55
8900	22.55	97.6
8901	22.55	97.65
8902	22.55	97.7
8903	22.55	97.75
8904	22.55	97.8
8905	22.55	97.85
8906	22.55	97.9
8907	22.55	97.95
8908	22.5	93.65
8909	22.5	93.7
8910	22.5	93.75
8911	22.5	93.8
8912	22.5	93.85
8913	22.5	93.9
8914	22.5	93.95
8915	22.5	94
8916	22.5	94.05
8917	22.5	94.1
8918	22.5	94.15
8919	22.5	94.2
8920	22.5	94.25
8921	22.5	94.3
8922	22.5	94.35
8923	22.5	94.4
8924	22.5	94.45
8925	22.5	94.5
8926	22.5	94.55
8927	22.5	94.6
8928	22.5	94.65
8929	22.5	94.7
8930	22.5	94.75
8931	22.5	94.8
8932	22.5	94.85
8933	22.5	94.9
8934	22.5	94.95
8935	22.5	95
8936	22.5	95.05
8937	22.5	95.1
8938	22.5	95.15
8939	22.5	95.2
8940	22.5	95.25
8941	22.5	95.3
8942	22.5	95.35
8943	22.5	95.4
8944	22.5	95.45
8945	22.5	95.5
8946	22.5	95.55
8947	22.5	95.6
8948	22.5	95.65
8949	22.5	95.7
8950	22.5	95.75
8951	22.5	95.8
8952	22.5	95.85
8953	22.5	95.9
8954	22.5	95.95
8955	22.5	96
8956	22.5	96.05
8957	22.5	96.1
8958	22.5	96.15
8959	22.5	96.2
8960	22.5	96.25
8961	22.5	96.3
8962	22.5	96.35
8963	22.5	96.4
8964	22.5	96.45
8965	22.5	96.5
8966	22.5	96.55
8967	22.5	96.6
8968	22.5	96.65
8969	22.5	96.7
8970	22.5	96.75
8971	22.5	96.8
8972	22.5	96.85
8973	22.5	96.9
8974	22.5	96.95
8975	22.5	97
8976	22.5	97.05
8977	22.5	97.1
8978	22.5	97.15
8979	22.5	97.2
8980	22.5	97.25
8981	22.5	97.3
8982	22.5	97.35
8983	22.5	97.4
8984	22.5	97.45
8985	22.5	97.5
8986	22.5	97.55
8987	22.5	97.6
8988	22.5	97.65
8989	22.5	97.7
8990	22.5	97.75
8991	22.5	97.8
8992	22.45	93.65
8993	22.45	93.7
8994	22.45	93.75
8995	22.45	93.8
8996	22.45	93.85
8997	22.45	93.9
8998	22.45	93.95
8999	22.45	94
9000	22.45	94.05
9001	22.45	94.1
9002	22.45	94.15
9003	22.45	94.2
9004	22.45	94.25
9005	22.45	94.3
9006	22.45	94.35
9007	22.45	94.4
9008	22.45	94.45
9009	22.45	94.5
9010	22.45	94.55
9011	22.45	94.6
9012	22.45	94.65
9013	22.45	94.7
9014	22.45	94.75
9015	22.45	94.8
9016	22.45	94.85
9017	22.45	94.9
9018	22.45	94.95
9019	22.45	95
9020	22.45	95.05
9021	22.45	95.1
9022	22.45	95.15
9023	22.45	95.2
9024	22.45	95.25
9025	22.45	95.3
9026	22.45	95.35
9027	22.45	95.4
9028	22.45	95.45
9029	22.45	95.5
9030	22.45	95.55
9031	22.45	95.6
9032	22.45	95.65
9033	22.45	95.7
9034	22.45	95.75
9035	22.45	95.8
9036	22.45	95.85
9037	22.45	95.9
9038	22.45	95.95
9039	22.45	96
9040	22.45	96.05
9041	22.45	96.1
9042	22.45	96.15
9043	22.45	96.2
9044	22.45	96.25
9045	22.45	96.3
9046	22.45	96.35
9047	22.45	96.4
9048	22.45	96.45
9049	22.45	96.5
9050	22.45	96.55
9051	22.45	96.6
9052	22.45	96.65
9053	22.45	96.7
9054	22.45	96.75
9055	22.45	96.8
9056	22.45	96.85
9057	22.45	96.9
9058	22.45	96.95
9059	22.45	97
9060	22.45	97.05
9061	22.45	97.1
9062	22.45	97.15
9063	22.45	97.2
9064	22.45	97.25
9065	22.45	97.3
9066	22.45	97.35
9067	22.45	97.4
9068	22.45	97.45
9069	22.45	97.5
9070	22.45	97.55
9071	22.45	97.6
9072	22.45	97.65
9073	22.45	97.7
9074	22.4	93.6
9075	22.4	93.65
9076	22.4	93.7
9077	22.4	93.75
9078	22.4	93.8
9079	22.4	93.85
9080	22.4	93.9
9081	22.4	93.95
9082	22.4	94
9083	22.4	94.05
9084	22.4	94.1
9085	22.4	94.15
9086	22.4	94.2
9087	22.4	94.25
9088	22.4	94.3
9089	22.4	94.35
9090	22.4	94.4
9091	22.4	94.45
9092	22.4	94.5
9093	22.4	94.55
9094	22.4	94.6
9095	22.4	94.65
9096	22.4	94.7
9097	22.4	94.75
9098	22.4	94.8
9099	22.4	94.85
9100	22.4	94.9
9101	22.4	94.95
9102	22.4	95
9103	22.4	95.05
9104	22.4	95.1
9105	22.4	95.15
9106	22.4	95.2
9107	22.4	95.25
9108	22.4	95.3
9109	22.4	95.35
9110	22.4	95.4
9111	22.4	95.45
9112	22.4	95.5
9113	22.4	95.55
9114	22.4	95.6
9115	22.4	95.65
9116	22.4	95.7
9117	22.4	95.75
9118	22.4	95.8
9119	22.4	95.85
9120	22.4	95.9
9121	22.4	95.95
9122	22.4	96
9123	22.4	96.05
9124	22.4	96.1
9125	22.4	96.15
9126	22.4	96.2
9127	22.4	96.25
9128	22.4	96.3
9129	22.4	96.35
9130	22.4	96.4
9131	22.4	96.45
9132	22.4	96.5
9133	22.4	96.55
9134	22.4	96.6
9135	22.4	96.65
9136	22.4	96.7
9137	22.4	96.75
9138	22.4	96.8
9139	22.4	96.85
9140	22.4	96.9
9141	22.4	96.95
9142	22.4	97
9143	22.4	97.05
9144	22.4	97.1
9145	22.4	97.15
9146	22.4	97.2
9147	22.4	97.25
9148	22.4	97.3
9149	22.4	97.35
9150	22.4	97.4
9151	22.4	97.45
9152	22.4	97.5
9153	22.4	97.55
9154	22.4	97.6
9155	22.4	97.65
9156	22.4	97.7
9157	22.4	97.75
9158	22.35	93.65
9159	22.35	93.7
9160	22.35	93.75
9161	22.35	93.8
9162	22.35	93.85
9163	22.35	93.9
9164	22.35	93.95
9165	22.35	94
9166	22.35	94.05
9167	22.35	94.1
9168	22.35	94.15
9169	22.35	94.2
9170	22.35	94.25
9171	22.35	94.3
9172	22.35	94.35
9173	22.35	94.4
9174	22.35	94.45
9175	22.35	94.5
9176	22.35	94.55
9177	22.35	94.6
9178	22.35	94.65
9179	22.35	94.7
9180	22.35	94.75
9181	22.35	94.8
9182	22.35	94.85
9183	22.35	94.9
9184	22.35	94.95
9185	22.35	95
9186	22.35	95.05
9187	22.35	95.1
9188	22.35	95.15
9189	22.35	95.2
9190	22.35	95.25
9191	22.35	95.3
9192	22.35	95.35
9193	22.35	95.4
9194	22.35	95.45
9195	22.35	95.5
9196	22.35	95.55
9197	22.35	95.6
9198	22.35	95.65
9199	22.35	95.7
9200	22.35	95.75
9201	22.35	95.8
9202	22.35	95.85
9203	22.35	95.9
9204	22.35	95.95
9205	22.35	96
9206	22.35	96.05
9207	22.35	96.1
9208	22.35	96.15
9209	22.35	96.2
9210	22.35	96.25
9211	22.35	96.3
9212	22.35	96.35
9213	22.35	96.4
9214	22.35	96.45
9215	22.35	96.5
9216	22.35	96.55
9217	22.35	96.6
9218	22.35	96.65
9219	22.35	96.7
9220	22.35	96.75
9221	22.35	96.8
9222	22.35	96.85
9223	22.35	96.9
9224	22.35	96.95
9225	22.35	97
9226	22.35	97.05
9227	22.35	97.1
9228	22.35	97.15
9229	22.35	97.2
9230	22.35	97.25
9231	22.35	97.3
9232	22.35	97.35
9233	22.35	97.4
9234	22.35	97.45
9235	22.35	97.5
9236	22.35	97.55
9237	22.35	97.6
9238	22.35	97.65
9239	22.35	97.7
9240	22.35	97.75
9241	22.3	93.65
9242	22.3	93.7
9243	22.3	93.75
9244	22.3	93.8
9245	22.3	93.85
9246	22.3	93.9
9247	22.3	93.95
9248	22.3	94
9249	22.3	94.05
9250	22.3	94.1
9251	22.3	94.15
9252	22.3	94.2
9253	22.3	94.25
9254	22.3	94.3
9255	22.3	94.35
9256	22.3	94.4
9257	22.3	94.45
9258	22.3	94.5
9259	22.3	94.55
9260	22.3	94.6
9261	22.3	94.65
9262	22.3	94.7
9263	22.3	94.75
9264	22.3	94.8
9265	22.3	94.85
9266	22.3	94.9
9267	22.3	94.95
9268	22.3	95
9269	22.3	95.05
9270	22.3	95.1
9271	22.3	95.15
9272	22.3	95.2
9273	22.3	95.25
9274	22.3	95.3
9275	22.3	95.35
9276	22.3	95.4
9277	22.3	95.45
9278	22.3	95.5
9279	22.3	95.55
9280	22.3	95.6
9281	22.3	95.65
9282	22.3	95.7
9283	22.3	95.75
9284	22.3	95.8
9285	22.3	95.85
9286	22.3	95.9
9287	22.3	95.95
9288	22.3	96
9289	22.3	96.05
9290	22.3	96.1
9291	22.3	96.15
9292	22.3	96.2
9293	22.3	96.25
9294	22.3	96.3
9295	22.3	96.35
9296	22.3	96.4
9297	22.3	96.45
9298	22.3	96.5
9299	22.3	96.55
9300	22.3	96.6
9301	22.3	96.65
9302	22.3	96.7
9303	22.3	96.75
9304	22.3	96.8
9305	22.3	96.85
9306	22.3	96.9
9307	22.3	96.95
9308	22.3	97
9309	22.3	97.05
9310	22.3	97.1
9311	22.3	97.15
9312	22.3	97.2
9313	22.3	97.25
9314	22.3	97.3
9315	22.3	97.35
9316	22.3	97.4
9317	22.3	97.45
9318	22.3	97.5
9319	22.3	97.55
9320	22.3	97.6
9321	22.3	97.65
9322	22.3	97.7
9323	22.3	97.75
9324	22.3	97.8
9325	22.25	93.7
9326	22.25	93.75
9327	22.25	93.8
9328	22.25	93.85
9329	22.25	93.9
9330	22.25	93.95
9331	22.25	94
9332	22.25	94.05
9333	22.25	94.1
9334	22.25	94.15
9335	22.25	94.2
9336	22.25	94.25
9337	22.25	94.3
9338	22.25	94.35
9339	22.25	94.4
9340	22.25	94.45
9341	22.25	94.5
9342	22.25	94.55
9343	22.25	94.6
9344	22.25	94.65
9345	22.25	94.7
9346	22.25	94.75
9347	22.25	94.8
9348	22.25	94.85
9349	22.25	94.9
9350	22.25	94.95
9351	22.25	95
9352	22.25	95.05
9353	22.25	95.1
9354	22.25	95.15
9355	22.25	95.2
9356	22.25	95.25
9357	22.25	95.3
9358	22.25	95.35
9359	22.25	95.4
9360	22.25	95.45
9361	22.25	95.5
9362	22.25	95.55
9363	22.25	95.6
9364	22.25	95.65
9365	22.25	95.7
9366	22.25	95.75
9367	22.25	95.8
9368	22.25	95.85
9369	22.25	95.9
9370	22.25	95.95
9371	22.25	96
9372	22.25	96.05
9373	22.25	96.1
9374	22.25	96.15
9375	22.25	96.2
9376	22.25	96.25
9377	22.25	96.3
9378	22.25	96.35
9379	22.25	96.4
9380	22.25	96.45
9381	22.25	96.5
9382	22.25	96.55
9383	22.25	96.6
9384	22.25	96.65
9385	22.25	96.7
9386	22.25	96.75
9387	22.25	96.8
9388	22.25	96.85
9389	22.25	96.9
9390	22.25	96.95
9391	22.25	97
9392	22.25	97.05
9393	22.25	97.1
9394	22.25	97.15
9395	22.25	97.2
9396	22.25	97.25
9397	22.25	97.3
9398	22.25	97.35
9399	22.25	97.4
9400	22.25	97.45
9401	22.25	97.5
9402	22.25	97.55
9403	22.25	97.6
9404	22.25	97.65
9405	22.25	97.7
9406	22.25	97.75
9407	22.25	97.85
9408	22.2	93.65
9409	22.2	93.7
9410	22.2	93.75
9411	22.2	93.8
9412	22.2	93.85
9413	22.2	93.9
9414	22.2	93.95
9415	22.2	94
9416	22.2	94.05
9417	22.2	94.1
9418	22.2	94.15
9419	22.2	94.2
9420	22.2	94.25
9421	22.2	94.3
9422	22.2	94.35
9423	22.2	94.4
9424	22.2	94.45
9425	22.2	94.5
9426	22.2	94.55
9427	22.2	94.6
9428	22.2	94.65
9429	22.2	94.7
9430	22.2	94.75
9431	22.2	94.8
9432	22.2	94.85
9433	22.2	94.9
9434	22.2	94.95
9435	22.2	95
9436	22.2	95.05
9437	22.2	95.1
9438	22.2	95.15
9439	22.2	95.2
9440	22.2	95.25
9441	22.2	95.3
9442	22.2	95.35
9443	22.2	95.4
9444	22.2	95.45
9445	22.2	95.5
9446	22.2	95.55
9447	22.2	95.6
9448	22.2	95.65
9449	22.2	95.7
9450	22.2	95.75
9451	22.2	95.8
9452	22.2	95.85
9453	22.2	95.9
9454	22.2	95.95
9455	22.2	96
9456	22.2	96.05
9457	22.2	96.1
9458	22.2	96.15
9459	22.2	96.2
9460	22.2	96.25
9461	22.2	96.3
9462	22.2	96.35
9463	22.2	96.4
9464	22.2	96.45
9465	22.2	96.5
9466	22.2	96.55
9467	22.2	96.6
9468	22.2	96.65
9469	22.2	96.7
9470	22.2	96.75
9471	22.2	96.8
9472	22.2	96.85
9473	22.2	96.9
9474	22.2	96.95
9475	22.2	97
9476	22.2	97.05
9477	22.2	97.1
9478	22.2	97.15
9479	22.2	97.2
9480	22.2	97.25
9481	22.2	97.3
9482	22.2	97.35
9483	22.2	97.4
9484	22.2	97.45
9485	22.2	97.5
9486	22.2	97.55
9487	22.2	97.6
9488	22.2	97.65
9489	22.2	97.7
9490	22.15	93.65
9491	22.15	93.7
9492	22.15	93.75
9493	22.15	93.8
9494	22.15	93.85
9495	22.15	93.9
9496	22.15	93.95
9497	22.15	94
9498	22.15	94.05
9499	22.15	94.1
9500	22.15	94.15
9501	22.15	94.2
9502	22.15	94.25
9503	22.15	94.3
9504	22.15	94.35
9505	22.15	94.4
9506	22.15	94.45
9507	22.15	94.5
9508	22.15	94.55
9509	22.15	94.6
9510	22.15	94.65
9511	22.15	94.7
9512	22.15	94.75
9513	22.15	94.8
9514	22.15	94.85
9515	22.15	94.9
9516	22.15	94.95
9517	22.15	95
9518	22.15	95.05
9519	22.15	95.1
9520	22.15	95.15
9521	22.15	95.2
9522	22.15	95.25
9523	22.15	95.3
9524	22.15	95.35
9525	22.15	95.4
9526	22.15	95.45
9527	22.15	95.5
9528	22.15	95.55
9529	22.15	95.6
9530	22.15	95.65
9531	22.15	95.7
9532	22.15	95.75
9533	22.15	95.8
9534	22.15	95.85
9535	22.15	95.9
9536	22.15	95.95
9537	22.15	96
9538	22.15	96.05
9539	22.15	96.1
9540	22.15	96.15
9541	22.15	96.2
9542	22.15	96.25
9543	22.15	96.3
9544	22.15	96.35
9545	22.15	96.4
9546	22.15	96.45
9547	22.15	96.5
9548	22.15	96.55
9549	22.15	96.6
9550	22.15	96.65
9551	22.15	96.7
9552	22.15	96.75
9553	22.15	96.8
9554	22.15	96.85
9555	22.15	96.9
9556	22.15	96.95
9557	22.15	97
9558	22.15	97.05
9559	22.15	97.1
9560	22.15	97.15
9561	22.15	97.2
9562	22.15	97.25
9563	22.15	97.3
9564	22.15	97.35
9565	22.15	97.4
9566	22.15	97.45
9567	22.15	97.5
9568	22.15	97.55
9569	22.15	97.6
9570	22.15	97.65
9571	22.1	93.7
9572	22.1	93.75
9573	22.1	93.8
9574	22.1	93.85
9575	22.1	93.9
9576	22.1	93.95
9577	22.1	94
9578	22.1	94.05
9579	22.1	94.1
9580	22.1	94.15
9581	22.1	94.2
9582	22.1	94.25
9583	22.1	94.3
9584	22.1	94.35
9585	22.1	94.4
9586	22.1	94.45
9587	22.1	94.5
9588	22.1	94.55
9589	22.1	94.6
9590	22.1	94.65
9591	22.1	94.7
9592	22.1	94.75
9593	22.1	94.8
9594	22.1	94.85
9595	22.1	94.9
9596	22.1	94.95
9597	22.1	95
9598	22.1	95.05
9599	22.1	95.1
9600	22.1	95.15
9601	22.1	95.2
9602	22.1	95.25
9603	22.1	95.3
9604	22.1	95.35
9605	22.1	95.4
9606	22.1	95.45
9607	22.1	95.5
9608	22.1	95.55
9609	22.1	95.6
9610	22.1	95.65
9611	22.1	95.7
9612	22.1	95.75
9613	22.1	95.8
9614	22.1	95.85
9615	22.1	95.9
9616	22.1	95.95
9617	22.1	96
9618	22.1	96.05
9619	22.1	96.1
9620	22.1	96.15
9621	22.1	96.2
9622	22.1	96.25
9623	22.1	96.3
9624	22.1	96.35
9625	22.1	96.4
9626	22.1	96.45
9627	22.1	96.5
9628	22.1	96.55
9629	22.1	96.6
9630	22.1	96.65
9631	22.1	96.7
9632	22.1	96.75
9633	22.1	96.8
9634	22.1	96.85
9635	22.1	96.9
9636	22.1	96.95
9637	22.1	97
9638	22.1	97.05
9639	22.1	97.1
9640	22.1	97.15
9641	22.1	97.2
9642	22.1	97.25
9643	22.1	97.3
9644	22.1	97.35
9645	22.1	97.4
9646	22.1	97.45
9647	22.1	97.5
9648	22.1	97.55
9649	22.1	97.6
9650	22.1	97.65
9651	22.05	93.7
9652	22.05	93.75
9653	22.05	93.8
9654	22.05	93.85
9655	22.05	93.9
9656	22.05	93.95
9657	22.05	94
9658	22.05	94.05
9659	22.05	94.1
9660	22.05	94.15
9661	22.05	94.2
9662	22.05	94.25
9663	22.05	94.3
9664	22.05	94.35
9665	22.05	94.4
9666	22.05	94.45
9667	22.05	94.5
9668	22.05	94.55
9669	22.05	94.6
9670	22.05	94.65
9671	22.05	94.7
9672	22.05	94.75
9673	22.05	94.8
9674	22.05	94.85
9675	22.05	94.9
9676	22.05	94.95
9677	22.05	95
9678	22.05	95.05
9679	22.05	95.1
9680	22.05	95.15
9681	22.05	95.2
9682	22.05	95.25
9683	22.05	95.3
9684	22.05	95.35
9685	22.05	95.4
9686	22.05	95.45
9687	22.05	95.5
9688	22.05	95.55
9689	22.05	95.6
9690	22.05	95.65
9691	22.05	95.7
9692	22.05	95.75
9693	22.05	95.8
9694	22.05	95.85
9695	22.05	95.9
9696	22.05	95.95
9697	22.05	96
9698	22.05	96.05
9699	22.05	96.1
9700	22.05	96.15
9701	22.05	96.2
9702	22.05	96.25
9703	22.05	96.3
9704	22.05	96.35
9705	22.05	96.4
9706	22.05	96.45
9707	22.05	96.5
9708	22.05	96.55
9709	22.05	96.6
9710	22.05	96.65
9711	22.05	96.7
9712	22.05	96.75
9713	22.05	96.8
9714	22.05	96.85
9715	22.05	96.9
9716	22.05	96.95
9717	22.05	97
9718	22.05	97.05
9719	22.05	97.1
9720	22.05	97.15
9721	22.05	97.2
9722	22.05	97.25
9723	22.05	97.3
9724	22.05	97.35
9725	22.05	97.4
9726	22.05	97.45
9727	22.05	97.5
9728	22.05	97.55
9729	22.05	97.6
9730	22.05	97.65
9731	22	93.55
9732	22	93.7
9733	22	93.75
9734	22	93.8
9735	22	93.85
9736	22	93.9
9737	22	93.95
9738	22	94
9739	22	94.05
9740	22	94.1
9741	22	94.15
9742	22	94.2
9743	22	94.25
9744	22	94.3
9745	22	94.35
9746	22	94.4
9747	22	94.45
9748	22	94.5
9749	22	94.55
9750	22	94.6
9751	22	94.65
9752	22	94.7
9753	22	94.75
9754	22	94.8
9755	22	94.85
9756	22	94.9
9757	22	94.95
9758	22	95
9759	22	95.05
9760	22	95.1
9761	22	95.15
9762	22	95.2
9763	22	95.25
9764	22	95.3
9765	22	95.35
9766	22	95.4
9767	22	95.45
9768	22	95.5
9769	22	95.55
9770	22	95.6
9771	22	95.65
9772	22	95.7
9773	22	95.75
9774	22	95.8
9775	22	95.85
9776	22	95.9
9777	22	95.95
9778	22	96
9779	22	96.05
9780	22	96.1
9781	22	96.15
9782	22	96.2
9783	22	96.25
9784	22	96.3
9785	22	96.35
9786	22	96.4
9787	22	96.45
9788	22	96.5
9789	22	96.55
9790	22	96.6
9791	22	96.65
9792	22	96.7
9793	22	96.75
9794	22	96.8
9795	22	96.85
9796	22	96.9
9797	22	96.95
9798	22	97
9799	22	97.05
9800	22	97.1
9801	22	97.15
9802	22	97.2
9803	22	97.25
9804	22	97.3
9805	22	97.35
9806	22	97.4
9807	22	97.45
9808	22	97.5
9809	22	97.55
9810	22	97.6
9811	21.95	93.5
9812	21.95	93.55
9813	21.95	93.6
9814	21.95	93.65
9815	21.95	93.7
9816	21.95	93.75
9817	21.95	93.8
9818	21.95	93.85
9819	21.95	93.9
9820	21.95	93.95
9821	21.95	94
9822	21.95	94.05
9823	21.95	94.1
9824	21.95	94.15
9825	21.95	94.2
9826	21.95	94.25
9827	21.95	94.3
9828	21.95	94.35
9829	21.95	94.4
9830	21.95	94.45
9831	21.95	94.5
9832	21.95	94.55
9833	21.95	94.6
9834	21.95	94.65
9835	21.95	94.7
9836	21.95	94.75
9837	21.95	94.8
9838	21.95	94.85
9839	21.95	94.9
9840	21.95	94.95
9841	21.95	95
9842	21.95	95.05
9843	21.95	95.1
9844	21.95	95.15
9845	21.95	95.2
9846	21.95	95.25
9847	21.95	95.3
9848	21.95	95.35
9849	21.95	95.4
9850	21.95	95.45
9851	21.95	95.5
9852	21.95	95.55
9853	21.95	95.6
9854	21.95	95.65
9855	21.95	95.7
9856	21.95	95.75
9857	21.95	95.8
9858	21.95	95.85
9859	21.95	95.9
9860	21.95	95.95
9861	21.95	96
9862	21.95	96.05
9863	21.95	96.1
9864	21.95	96.15
9865	21.95	96.2
9866	21.95	96.25
9867	21.95	96.3
9868	21.95	96.35
9869	21.95	96.4
9870	21.95	96.45
9871	21.95	96.5
9872	21.95	96.55
9873	21.95	96.6
9874	21.95	96.65
9875	21.95	96.7
9876	21.95	96.75
9877	21.95	96.8
9878	21.95	96.85
9879	21.95	96.9
9880	21.95	96.95
9881	21.95	97
9882	21.95	97.05
9883	21.95	97.1
9884	21.95	97.15
9885	21.95	97.2
9886	21.95	97.25
9887	21.95	97.3
9888	21.95	97.35
9889	21.95	97.4
9890	21.95	97.45
9891	21.95	97.5
9892	21.95	97.55
9893	21.9	93.55
9894	21.9	93.6
9895	21.9	93.65
9896	21.9	93.7
9897	21.9	93.75
9898	21.9	93.8
9899	21.9	93.85
9900	21.9	93.9
9901	21.9	93.95
9902	21.9	94
9903	21.9	94.05
9904	21.9	94.1
9905	21.9	94.15
9906	21.9	94.2
9907	21.9	94.25
9908	21.9	94.3
9909	21.9	94.35
9910	21.9	94.4
9911	21.9	94.45
9912	21.9	94.5
9913	21.9	94.55
9914	21.9	94.6
9915	21.9	94.65
9916	21.9	94.7
9917	21.9	94.75
9918	21.9	94.8
9919	21.9	94.85
9920	21.9	94.9
9921	21.9	94.95
9922	21.9	95
9923	21.9	95.05
9924	21.9	95.1
9925	21.9	95.15
9926	21.9	95.2
9927	21.9	95.25
9928	21.9	95.3
9929	21.9	95.35
9930	21.9	95.4
9931	21.9	95.45
9932	21.9	95.5
9933	21.9	95.55
9934	21.9	95.6
9935	21.9	95.65
9936	21.9	95.7
9937	21.9	95.75
9938	21.9	95.8
9939	21.9	95.85
9940	21.9	95.9
9941	21.9	95.95
9942	21.9	96
9943	21.9	96.05
9944	21.9	96.1
9945	21.9	96.15
9946	21.9	96.2
9947	21.9	96.25
9948	21.9	96.3
9949	21.9	96.35
9950	21.9	96.4
9951	21.9	96.45
9952	21.9	96.5
9953	21.9	96.55
9954	21.9	96.6
9955	21.9	96.65
9956	21.9	96.7
9957	21.9	96.75
9958	21.9	96.8
9959	21.9	96.85
9960	21.9	96.9
9961	21.9	96.95
9962	21.9	97
9963	21.9	97.05
9964	21.9	97.1
9965	21.9	97.15
9966	21.9	97.2
9967	21.9	97.25
9968	21.9	97.3
9969	21.9	97.35
9970	21.9	97.4
9971	21.9	97.45
9972	21.9	97.5
9973	21.9	97.55
9974	21.85	93.55
9975	21.85	93.6
9976	21.85	93.65
9977	21.85	93.7
9978	21.85	93.75
9979	21.85	93.8
9980	21.85	93.85
9981	21.85	93.9
9982	21.85	93.95
9983	21.85	94
9984	21.85	94.05
9985	21.85	94.1
9986	21.85	94.15
9987	21.85	94.2
9988	21.85	94.25
9989	21.85	94.3
9990	21.85	94.35
9991	21.85	94.4
9992	21.85	94.45
9993	21.85	94.5
9994	21.85	94.55
9995	21.85	94.6
9996	21.85	94.65
9997	21.85	94.7
9998	21.85	94.75
9999	21.85	94.8
10000	21.85	94.85
10001	21.85	94.9
10002	21.85	94.95
10003	21.85	95
10004	21.85	95.05
10005	21.85	95.1
10006	21.85	95.15
10007	21.85	95.2
10008	21.85	95.25
10009	21.85	95.3
10010	21.85	95.35
10011	21.85	95.4
10012	21.85	95.45
10013	21.85	95.5
10014	21.85	95.55
10015	21.85	95.6
10016	21.85	95.65
10017	21.85	95.7
10018	21.85	95.75
10019	21.85	95.8
10020	21.85	95.85
10021	21.85	95.9
10022	21.85	95.95
10023	21.85	96
10024	21.85	96.05
10025	21.85	96.1
10026	21.85	96.15
10027	21.85	96.2
10028	21.85	96.25
10029	21.85	96.3
10030	21.85	96.35
10031	21.85	96.4
10032	21.85	96.45
10033	21.85	96.5
10034	21.85	96.55
10035	21.85	96.6
10036	21.85	96.65
10037	21.85	96.7
10038	21.85	96.75
10039	21.85	96.8
10040	21.85	96.85
10041	21.85	96.9
10042	21.85	96.95
10043	21.85	97
10044	21.85	97.05
10045	21.85	97.1
10046	21.85	97.15
10047	21.85	97.2
10048	21.85	97.25
10049	21.85	97.3
10050	21.85	97.35
10051	21.85	97.4
10052	21.85	97.45
10053	21.85	97.5
10054	21.8	93.6
10055	21.8	93.65
10056	21.8	93.7
10057	21.8	93.75
10058	21.8	93.8
10059	21.8	93.85
10060	21.8	93.9
10061	21.8	93.95
10062	21.8	94
10063	21.8	94.05
10064	21.8	94.1
10065	21.8	94.15
10066	21.8	94.2
10067	21.8	94.25
10068	21.8	94.3
10069	21.8	94.35
10070	21.8	94.4
10071	21.8	94.45
10072	21.8	94.5
10073	21.8	94.55
10074	21.8	94.6
10075	21.8	94.65
10076	21.8	94.7
10077	21.8	94.75
10078	21.8	94.8
10079	21.8	94.85
10080	21.8	94.9
10081	21.8	94.95
10082	21.8	95
10083	21.8	95.05
10084	21.8	95.1
10085	21.8	95.15
10086	21.8	95.2
10087	21.8	95.25
10088	21.8	95.3
10089	21.8	95.35
10090	21.8	95.4
10091	21.8	95.45
10092	21.8	95.5
10093	21.8	95.55
10094	21.8	95.6
10095	21.8	95.65
10096	21.8	95.7
10097	21.8	95.75
10098	21.8	95.8
10099	21.8	95.85
10100	21.8	95.9
10101	21.8	95.95
10102	21.8	96
10103	21.8	96.05
10104	21.8	96.1
10105	21.8	96.15
10106	21.8	96.2
10107	21.8	96.25
10108	21.8	96.3
10109	21.8	96.35
10110	21.8	96.4
10111	21.8	96.45
10112	21.8	96.5
10113	21.8	96.55
10114	21.8	96.6
10115	21.8	96.65
10116	21.8	96.7
10117	21.8	96.75
10118	21.8	96.8
10119	21.8	96.85
10120	21.8	96.9
10121	21.8	96.95
10122	21.8	97
10123	21.8	97.05
10124	21.8	97.1
10125	21.8	97.15
10126	21.8	97.2
10127	21.8	97.25
10128	21.8	97.3
10129	21.8	97.35
10130	21.8	97.4
10131	21.75	93.6
10132	21.75	93.65
10133	21.75	93.7
10134	21.75	93.75
10135	21.75	93.8
10136	21.75	93.85
10137	21.75	93.9
10138	21.75	93.95
10139	21.75	94
10140	21.75	94.05
10141	21.75	94.1
10142	21.75	94.15
10143	21.75	94.2
10144	21.75	94.25
10145	21.75	94.3
10146	21.75	94.35
10147	21.75	94.4
10148	21.75	94.45
10149	21.75	94.5
10150	21.75	94.55
10151	21.75	94.6
10152	21.75	94.65
10153	21.75	94.7
10154	21.75	94.75
10155	21.75	94.8
10156	21.75	94.85
10157	21.75	94.9
10158	21.75	94.95
10159	21.75	95
10160	21.75	95.05
10161	21.75	95.1
10162	21.75	95.15
10163	21.75	95.2
10164	21.75	95.25
10165	21.75	95.3
10166	21.75	95.35
10167	21.75	95.4
10168	21.75	95.45
10169	21.75	95.5
10170	21.75	95.55
10171	21.75	95.6
10172	21.75	95.65
10173	21.75	95.7
10174	21.75	95.75
10175	21.75	95.8
10176	21.75	95.85
10177	21.75	95.9
10178	21.75	95.95
10179	21.75	96
10180	21.75	96.05
10181	21.75	96.1
10182	21.75	96.15
10183	21.75	96.2
10184	21.75	96.25
10185	21.75	96.3
10186	21.75	96.35
10187	21.75	96.4
10188	21.75	96.45
10189	21.75	96.5
10190	21.75	96.55
10191	21.75	96.6
10192	21.75	96.65
10193	21.75	96.7
10194	21.75	96.75
10195	21.75	96.8
10196	21.75	96.85
10197	21.75	96.9
10198	21.75	96.95
10199	21.75	97
10200	21.75	97.05
10201	21.75	97.1
10202	21.75	97.15
10203	21.75	97.2
10204	21.75	97.25
10205	21.75	97.3
10206	21.75	97.35
10207	21.75	97.4
10208	21.7	93.6
10209	21.7	93.65
10210	21.7	93.7
10211	21.7	93.75
10212	21.7	93.8
10213	21.7	93.85
10214	21.7	93.9
10215	21.7	93.95
10216	21.7	94
10217	21.7	94.05
10218	21.7	94.1
10219	21.7	94.15
10220	21.7	94.2
10221	21.7	94.25
10222	21.7	94.3
10223	21.7	94.35
10224	21.7	94.4
10225	21.7	94.45
10226	21.7	94.5
10227	21.7	94.55
10228	21.7	94.6
10229	21.7	94.65
10230	21.7	94.7
10231	21.7	94.75
10232	21.7	94.8
10233	21.7	94.85
10234	21.7	94.9
10235	21.7	94.95
10236	21.7	95
10237	21.7	95.05
10238	21.7	95.1
10239	21.7	95.15
10240	21.7	95.2
10241	21.7	95.25
10242	21.7	95.3
10243	21.7	95.35
10244	21.7	95.4
10245	21.7	95.45
10246	21.7	95.5
10247	21.7	95.55
10248	21.7	95.6
10249	21.7	95.65
10250	21.7	95.7
10251	21.7	95.75
10252	21.7	95.8
10253	21.7	95.85
10254	21.7	95.9
10255	21.7	95.95
10256	21.7	96
10257	21.7	96.05
10258	21.7	96.1
10259	21.7	96.15
10260	21.7	96.2
10261	21.7	96.25
10262	21.7	96.3
10263	21.7	96.35
10264	21.7	96.4
10265	21.7	96.45
10266	21.7	96.5
10267	21.7	96.55
10268	21.7	96.6
10269	21.7	96.65
10270	21.7	96.7
10271	21.7	96.75
10272	21.7	96.8
10273	21.7	96.85
10274	21.7	96.9
10275	21.7	96.95
10276	21.7	97
10277	21.7	97.05
10278	21.7	97.1
10279	21.7	97.15
10280	21.7	97.2
10281	21.7	97.25
10282	21.7	97.3
10283	21.7	97.35
10284	21.7	97.4
10285	21.65	93.6
10286	21.65	93.65
10287	21.65	93.7
10288	21.65	93.75
10289	21.65	93.8
10290	21.65	93.85
10291	21.65	93.9
10292	21.65	93.95
10293	21.65	94
10294	21.65	94.05
10295	21.65	94.1
10296	21.65	94.15
10297	21.65	94.2
10298	21.65	94.25
10299	21.65	94.3
10300	21.65	94.35
10301	21.65	94.4
10302	21.65	94.45
10303	21.65	94.5
10304	21.65	94.55
10305	21.65	94.6
10306	21.65	94.65
10307	21.65	94.7
10308	21.65	94.75
10309	21.65	94.8
10310	21.65	94.85
10311	21.65	94.9
10312	21.65	94.95
10313	21.65	95
10314	21.65	95.05
10315	21.65	95.1
10316	21.65	95.15
10317	21.65	95.2
10318	21.65	95.25
10319	21.65	95.3
10320	21.65	95.35
10321	21.65	95.4
10322	21.65	95.45
10323	21.65	95.5
10324	21.65	95.55
10325	21.65	95.6
10326	21.65	95.65
10327	21.65	95.7
10328	21.65	95.75
10329	21.65	95.8
10330	21.65	95.85
10331	21.65	95.9
10332	21.65	95.95
10333	21.65	96
10334	21.65	96.05
10335	21.65	96.1
10336	21.65	96.15
10337	21.65	96.2
10338	21.65	96.25
10339	21.65	96.3
10340	21.65	96.35
10341	21.65	96.4
10342	21.65	96.45
10343	21.65	96.5
10344	21.65	96.55
10345	21.65	96.6
10346	21.65	96.65
10347	21.65	96.7
10348	21.65	96.75
10349	21.65	96.8
10350	21.65	96.85
10351	21.65	96.9
10352	21.65	96.95
10353	21.65	97
10354	21.65	97.05
10355	21.65	97.1
10356	21.65	97.15
10357	21.65	97.2
10358	21.65	97.25
10359	21.65	97.3
10360	21.65	97.35
10361	21.6	93.65
10362	21.6	93.7
10363	21.6	93.75
10364	21.6	93.8
10365	21.6	93.85
10366	21.6	93.9
10367	21.6	93.95
10368	21.6	94
10369	21.6	94.05
10370	21.6	94.1
10371	21.6	94.15
10372	21.6	94.2
10373	21.6	94.25
10374	21.6	94.3
10375	21.6	94.35
10376	21.6	94.4
10377	21.6	94.45
10378	21.6	94.5
10379	21.6	94.55
10380	21.6	94.6
10381	21.6	94.65
10382	21.6	94.7
10383	21.6	94.75
10384	21.6	94.8
10385	21.6	94.85
10386	21.6	94.9
10387	21.6	94.95
10388	21.6	95
10389	21.6	95.05
10390	21.6	95.1
10391	21.6	95.15
10392	21.6	95.2
10393	21.6	95.25
10394	21.6	95.3
10395	21.6	95.35
10396	21.6	95.4
10397	21.6	95.45
10398	21.6	95.5
10399	21.6	95.55
10400	21.6	95.6
10401	21.6	95.65
10402	21.6	95.7
10403	21.6	95.75
10404	21.6	95.8
10405	21.6	95.85
10406	21.6	95.9
10407	21.6	95.95
10408	21.6	96
10409	21.6	96.05
10410	21.6	96.1
10411	21.6	96.15
10412	21.6	96.2
10413	21.6	96.25
10414	21.6	96.3
10415	21.6	96.35
10416	21.6	96.4
10417	21.6	96.45
10418	21.6	96.5
10419	21.6	96.55
10420	21.6	96.6
10421	21.6	96.65
10422	21.6	96.7
10423	21.6	96.75
10424	21.6	96.8
10425	21.6	96.85
10426	21.6	96.9
10427	21.6	96.95
10428	21.6	97
10429	21.6	97.05
10430	21.6	97.1
10431	21.6	97.15
10432	21.6	97.2
10433	21.6	97.25
10434	21.6	97.3
10435	21.6	97.35
10436	21.6	97.4
10437	21.55	93.6
10438	21.55	93.65
10439	21.55	93.7
10440	21.55	93.75
10441	21.55	93.8
10442	21.55	93.85
10443	21.55	93.9
10444	21.55	93.95
10445	21.55	94
10446	21.55	94.05
10447	21.55	94.1
10448	21.55	94.15
10449	21.55	94.2
10450	21.55	94.25
10451	21.55	94.3
10452	21.55	94.35
10453	21.55	94.4
10454	21.55	94.45
10455	21.55	94.5
10456	21.55	94.55
10457	21.55	94.6
10458	21.55	94.65
10459	21.55	94.7
10460	21.55	94.75
10461	21.55	94.8
10462	21.55	94.85
10463	21.55	94.9
10464	21.55	94.95
10465	21.55	95
10466	21.55	95.05
10467	21.55	95.1
10468	21.55	95.15
10469	21.55	95.2
10470	21.55	95.25
10471	21.55	95.3
10472	21.55	95.35
10473	21.55	95.4
10474	21.55	95.45
10475	21.55	95.5
10476	21.55	95.55
10477	21.55	95.6
10478	21.55	95.65
10479	21.55	95.7
10480	21.55	95.75
10481	21.55	95.8
10482	21.55	95.85
10483	21.55	95.9
10484	21.55	95.95
10485	21.55	96
10486	21.55	96.05
10487	21.55	96.1
10488	21.55	96.15
10489	21.55	96.2
10490	21.55	96.25
10491	21.55	96.3
10492	21.55	96.35
10493	21.55	96.4
10494	21.55	96.45
10495	21.55	96.5
10496	21.55	96.55
10497	21.55	96.6
10498	21.55	96.65
10499	21.55	96.7
10500	21.55	96.75
10501	21.55	96.8
10502	21.55	96.85
10503	21.55	96.9
10504	21.55	96.95
10505	21.55	97
10506	21.55	97.05
10507	21.55	97.1
10508	21.55	97.15
10509	21.55	97.2
10510	21.55	97.25
10511	21.55	97.3
10512	21.55	97.35
10513	21.5	93.6
10514	21.5	93.65
10515	21.5	93.7
10516	21.5	93.75
10517	21.5	93.8
10518	21.5	93.85
10519	21.5	93.9
10520	21.5	93.95
10521	21.5	94
10522	21.5	94.05
10523	21.5	94.1
10524	21.5	94.15
10525	21.5	94.2
10526	21.5	94.25
10527	21.5	94.3
10528	21.5	94.35
10529	21.5	94.4
10530	21.5	94.45
10531	21.5	94.5
10532	21.5	94.55
10533	21.5	94.6
10534	21.5	94.65
10535	21.5	94.7
10536	21.5	94.75
10537	21.5	94.8
10538	21.5	94.85
10539	21.5	94.9
10540	21.5	94.95
10541	21.5	95
10542	21.5	95.05
10543	21.5	95.1
10544	21.5	95.15
10545	21.5	95.2
10546	21.5	95.25
10547	21.5	95.3
10548	21.5	95.35
10549	21.5	95.4
10550	21.5	95.45
10551	21.5	95.5
10552	21.5	95.55
10553	21.5	95.6
10554	21.5	95.65
10555	21.5	95.7
10556	21.5	95.75
10557	21.5	95.8
10558	21.5	95.85
10559	21.5	95.9
10560	21.5	95.95
10561	21.5	96
10562	21.5	96.05
10563	21.5	96.1
10564	21.5	96.15
10565	21.5	96.2
10566	21.5	96.25
10567	21.5	96.3
10568	21.5	96.35
10569	21.5	96.4
10570	21.5	96.45
10571	21.5	96.5
10572	21.5	96.55
10573	21.5	96.6
10574	21.5	96.65
10575	21.5	96.7
10576	21.5	96.75
10577	21.5	96.8
10578	21.5	96.85
10579	21.5	96.9
10580	21.5	96.95
10581	21.5	97
10582	21.5	97.05
10583	21.5	97.1
10584	21.5	97.15
10585	21.5	97.2
10586	21.5	97.25
10587	21.5	97.3
10588	21.5	97.35
10589	21.5	97.4
10590	21.45	93.6
10591	21.45	93.65
10592	21.45	93.7
10593	21.45	93.75
10594	21.45	93.8
10595	21.45	93.85
10596	21.45	93.9
10597	21.45	93.95
10598	21.45	94
10599	21.45	94.05
10600	21.45	94.1
10601	21.45	94.15
10602	21.45	94.2
10603	21.45	94.25
10604	21.45	94.3
10605	21.45	94.35
10606	21.45	94.4
10607	21.45	94.45
10608	21.45	94.5
10609	21.45	94.55
10610	21.45	94.6
10611	21.45	94.65
10612	21.45	94.7
10613	21.45	94.75
10614	21.45	94.8
10615	21.45	94.85
10616	21.45	94.9
10617	21.45	94.95
10618	21.45	95
10619	21.45	95.05
10620	21.45	95.1
10621	21.45	95.15
10622	21.45	95.2
10623	21.45	95.25
10624	21.45	95.3
10625	21.45	95.35
10626	21.45	95.4
10627	21.45	95.45
10628	21.45	95.5
10629	21.45	95.55
10630	21.45	95.6
10631	21.45	95.65
10632	21.45	95.7
10633	21.45	95.75
10634	21.45	95.8
10635	21.45	95.85
10636	21.45	95.9
10637	21.45	95.95
10638	21.45	96
10639	21.45	96.05
10640	21.45	96.1
10641	21.45	96.15
10642	21.45	96.2
10643	21.45	96.25
10644	21.45	96.3
10645	21.45	96.35
10646	21.45	96.4
10647	21.45	96.45
10648	21.45	96.5
10649	21.45	96.55
10650	21.45	96.6
10651	21.45	96.65
10652	21.45	96.7
10653	21.45	96.75
10654	21.45	96.8
10655	21.45	96.85
10656	21.45	96.9
10657	21.45	96.95
10658	21.45	97
10659	21.45	97.05
10660	21.45	97.1
10661	21.45	97.15
10662	21.45	97.2
10663	21.45	97.25
10664	21.45	97.3
10665	21.45	97.35
10666	21.45	97.4
10667	21.4	93.65
10668	21.4	93.7
10669	21.4	93.75
10670	21.4	93.8
10671	21.4	93.85
10672	21.4	93.9
10673	21.4	93.95
10674	21.4	94
10675	21.4	94.05
10676	21.4	94.1
10677	21.4	94.15
10678	21.4	94.2
10679	21.4	94.25
10680	21.4	94.3
10681	21.4	94.35
10682	21.4	94.4
10683	21.4	94.45
10684	21.4	94.5
10685	21.4	94.55
10686	21.4	94.6
10687	21.4	94.65
10688	21.4	94.7
10689	21.4	94.75
10690	21.4	94.8
10691	21.4	94.85
10692	21.4	94.9
10693	21.4	94.95
10694	21.4	95
10695	21.4	95.05
10696	21.4	95.1
10697	21.4	95.15
10698	21.4	95.2
10699	21.4	95.25
10700	21.4	95.3
10701	21.4	95.35
10702	21.4	95.4
10703	21.4	95.45
10704	21.4	95.5
10705	21.4	95.55
10706	21.4	95.6
10707	21.4	95.65
10708	21.4	95.7
10709	21.4	95.75
10710	21.4	95.8
10711	21.4	95.85
10712	21.4	95.9
10713	21.4	95.95
10714	21.4	96
10715	21.4	96.05
10716	21.4	96.1
10717	21.4	96.15
10718	21.4	96.2
10719	21.4	96.25
10720	21.4	96.3
10721	21.4	96.35
10722	21.4	96.4
10723	21.4	96.45
10724	21.4	96.5
10725	21.4	96.55
10726	21.4	96.6
10727	21.4	96.65
10728	21.4	96.7
10729	21.4	96.75
10730	21.4	96.8
10731	21.4	96.85
10732	21.4	96.9
10733	21.4	96.95
10734	21.4	97
10735	21.4	97.05
10736	21.4	97.1
10737	21.4	97.15
10738	21.4	97.2
10739	21.4	97.25
10740	21.4	97.3
10741	21.4	97.35
10742	21.4	97.4
10743	21.35	93.65
10744	21.35	93.7
10745	21.35	93.75
10746	21.35	93.8
10747	21.35	93.85
10748	21.35	93.9
10749	21.35	93.95
10750	21.35	94
10751	21.35	94.05
10752	21.35	94.1
10753	21.35	94.15
10754	21.35	94.2
10755	21.35	94.25
10756	21.35	94.3
10757	21.35	94.35
10758	21.35	94.4
10759	21.35	94.45
10760	21.35	94.5
10761	21.35	94.55
10762	21.35	94.6
10763	21.35	94.65
10764	21.35	94.7
10765	21.35	94.75
10766	21.35	94.8
10767	21.35	94.85
10768	21.35	94.9
10769	21.35	94.95
10770	21.35	95
10771	21.35	95.05
10772	21.35	95.1
10773	21.35	95.15
10774	21.35	95.2
10775	21.35	95.25
10776	21.35	95.3
10777	21.35	95.35
10778	21.35	95.4
10779	21.35	95.45
10780	21.35	95.5
10781	21.35	95.55
10782	21.35	95.6
10783	21.35	95.65
10784	21.35	95.7
10785	21.35	95.75
10786	21.35	95.8
10787	21.35	95.85
10788	21.35	95.9
10789	21.35	95.95
10790	21.35	96
10791	21.35	96.05
10792	21.35	96.1
10793	21.35	96.15
10794	21.35	96.2
10795	21.35	96.25
10796	21.35	96.3
10797	21.35	96.35
10798	21.35	96.4
10799	21.35	96.45
10800	21.35	96.5
10801	21.35	96.55
10802	21.35	96.6
10803	21.35	96.65
10804	21.35	96.7
10805	21.35	96.75
10806	21.35	96.8
10807	21.35	96.85
10808	21.35	96.9
10809	21.35	96.95
10810	21.35	97
10811	21.35	97.05
10812	21.35	97.1
10813	21.35	97.15
10814	21.35	97.2
10815	21.35	97.25
10816	21.35	97.3
10817	21.35	97.35
10818	21.35	97.4
10819	21.3	93.65
10820	21.3	93.7
10821	21.3	93.75
10822	21.3	93.8
10823	21.3	93.85
10824	21.3	93.9
10825	21.3	93.95
10826	21.3	94
10827	21.3	94.05
10828	21.3	94.1
10829	21.3	94.15
10830	21.3	94.2
10831	21.3	94.25
10832	21.3	94.3
10833	21.3	94.35
10834	21.3	94.4
10835	21.3	94.45
10836	21.3	94.5
10837	21.3	94.55
10838	21.3	94.6
10839	21.3	94.65
10840	21.3	94.7
10841	21.3	94.75
10842	21.3	94.8
10843	21.3	94.85
10844	21.3	94.9
10845	21.3	94.95
10846	21.3	95
10847	21.3	95.05
10848	21.3	95.1
10849	21.3	95.15
10850	21.3	95.2
10851	21.3	95.25
10852	21.3	95.3
10853	21.3	95.35
10854	21.3	95.4
10855	21.3	95.45
10856	21.3	95.5
10857	21.3	95.55
10858	21.3	95.6
10859	21.3	95.65
10860	21.3	95.7
10861	21.3	95.75
10862	21.3	95.8
10863	21.3	95.85
10864	21.3	95.9
10865	21.3	95.95
10866	21.3	96
10867	21.3	96.05
10868	21.3	96.1
10869	21.3	96.15
10870	21.3	96.2
10871	21.3	96.25
10872	21.3	96.3
10873	21.3	96.35
10874	21.3	96.4
10875	21.3	96.45
10876	21.3	96.5
10877	21.3	96.55
10878	21.3	96.6
10879	21.3	96.65
10880	21.3	96.7
10881	21.3	96.75
10882	21.3	96.8
10883	21.3	96.85
10884	21.3	96.9
10885	21.3	96.95
10886	21.3	97
10887	21.3	97.05
10888	21.3	97.1
10889	21.3	97.15
10890	21.3	97.2
10891	21.3	97.25
10892	21.3	97.3
10893	21.3	97.35
10894	21.3	97.4
10895	21.25	93.7
10896	21.25	93.75
10897	21.25	93.8
10898	21.25	93.85
10899	21.25	93.9
10900	21.25	93.95
10901	21.25	94
10902	21.25	94.05
10903	21.25	94.1
10904	21.25	94.15
10905	21.25	94.2
10906	21.25	94.25
10907	21.25	94.3
10908	21.25	94.35
10909	21.25	94.4
10910	21.25	94.45
10911	21.25	94.5
10912	21.25	94.55
10913	21.25	94.6
10914	21.25	94.65
10915	21.25	94.7
10916	21.25	94.75
10917	21.25	94.8
10918	21.25	94.85
10919	21.25	94.9
10920	21.25	94.95
10921	21.25	95
10922	21.25	95.05
10923	21.25	95.1
10924	21.25	95.15
10925	21.25	95.2
10926	21.25	95.25
10927	21.25	95.3
10928	21.25	95.35
10929	21.25	95.4
10930	21.25	95.45
10931	21.25	95.5
10932	21.25	95.55
10933	21.25	95.6
10934	21.25	95.65
10935	21.25	95.7
10936	21.25	95.75
10937	21.25	95.8
10938	21.25	95.85
10939	21.25	95.9
10940	21.25	95.95
10941	21.25	96
10942	21.25	96.05
10943	21.25	96.1
10944	21.25	96.15
10945	21.25	96.2
10946	21.25	96.25
10947	21.25	96.3
10948	21.25	96.35
10949	21.25	96.4
10950	21.25	96.45
10951	21.25	96.5
10952	21.25	96.55
10953	21.25	96.6
10954	21.25	96.65
10955	21.25	96.7
10956	21.25	96.75
10957	21.25	96.8
10958	21.25	96.85
10959	21.25	96.9
10960	21.25	96.95
10961	21.25	97
10962	21.25	97.05
10963	21.25	97.1
10964	21.25	97.15
10965	21.25	97.2
10966	21.25	97.25
10967	21.25	97.3
10968	21.25	97.4
10969	21.2	93.75
10970	21.2	93.8
10971	21.2	93.85
10972	21.2	93.9
10973	21.2	93.95
10974	21.2	94
10975	21.2	94.05
10976	21.2	94.1
10977	21.2	94.15
10978	21.2	94.2
10979	21.2	94.25
10980	21.2	94.3
10981	21.2	94.35
10982	21.2	94.4
10983	21.2	94.45
10984	21.2	94.5
10985	21.2	94.55
10986	21.2	94.6
10987	21.2	94.65
10988	21.2	94.7
10989	21.2	94.75
10990	21.2	94.8
10991	21.2	94.85
10992	21.2	94.9
10993	21.2	94.95
10994	21.2	95
10995	21.2	95.05
10996	21.2	95.1
10997	21.2	95.15
10998	21.2	95.2
10999	21.2	95.25
11000	21.2	95.3
11001	21.2	95.35
11002	21.2	95.4
11003	21.2	95.45
11004	21.2	95.5
11005	21.2	95.55
11006	21.2	95.6
11007	21.2	95.65
11008	21.2	95.7
11009	21.2	95.75
11010	21.2	95.8
11011	21.2	95.85
11012	21.2	95.9
11013	21.2	95.95
11014	21.2	96
11015	21.2	96.05
11016	21.2	96.1
11017	21.2	96.15
11018	21.2	96.2
11019	21.2	96.25
11020	21.2	96.3
11021	21.2	96.35
11022	21.2	96.4
11023	21.2	96.45
11024	21.2	96.5
11025	21.2	96.55
11026	21.2	96.6
11027	21.2	96.65
11028	21.2	96.7
11029	21.2	96.75
11030	21.2	96.8
11031	21.2	96.85
11032	21.2	96.9
11033	21.2	96.95
11034	21.2	97
11035	21.2	97.05
11036	21.2	97.1
11037	21.2	97.15
11038	21.2	97.2
11039	21.2	97.25
11040	21.2	97.3
11041	21.15	93.75
11042	21.15	93.8
11043	21.15	93.85
11044	21.15	93.9
11045	21.15	93.95
11046	21.15	94
11047	21.15	94.05
11048	21.15	94.1
11049	21.15	94.15
11050	21.15	94.2
11051	21.15	94.25
11052	21.15	94.3
11053	21.15	94.35
11054	21.15	94.4
11055	21.15	94.45
11056	21.15	94.5
11057	21.15	94.55
11058	21.15	94.6
11059	21.15	94.65
11060	21.15	94.7
11061	21.15	94.75
11062	21.15	94.8
11063	21.15	94.85
11064	21.15	94.9
11065	21.15	94.95
11066	21.15	95
11067	21.15	95.05
11068	21.15	95.1
11069	21.15	95.15
11070	21.15	95.2
11071	21.15	95.25
11072	21.15	95.3
11073	21.15	95.35
11074	21.15	95.4
11075	21.15	95.45
11076	21.15	95.5
11077	21.15	95.55
11078	21.15	95.6
11079	21.15	95.65
11080	21.15	95.7
11081	21.15	95.75
11082	21.15	95.8
11083	21.15	95.85
11084	21.15	95.9
11085	21.15	95.95
11086	21.15	96
11087	21.15	96.05
11088	21.15	96.1
11089	21.15	96.15
11090	21.15	96.2
11091	21.15	96.25
11092	21.15	96.3
11093	21.15	96.35
11094	21.15	96.4
11095	21.15	96.45
11096	21.15	96.5
11097	21.15	96.55
11098	21.15	96.6
11099	21.15	96.65
11100	21.15	96.7
11101	21.15	96.75
11102	21.15	96.8
11103	21.15	96.85
11104	21.15	97.05
11105	21.15	97.1
11106	21.15	97.15
11107	21.15	97.2
11108	21.15	97.25
11109	21.15	97.3
11110	21.1	93.75
11111	21.1	93.8
11112	21.1	93.85
11113	21.1	93.9
11114	21.1	93.95
11115	21.1	94
11116	21.1	94.05
11117	21.1	94.1
11118	21.1	94.15
11119	21.1	94.2
11120	21.1	94.25
11121	21.1	94.3
11122	21.1	94.35
11123	21.1	94.4
11124	21.1	94.45
11125	21.1	94.5
11126	21.1	94.55
11127	21.1	94.6
11128	21.1	94.65
11129	21.1	94.7
11130	21.1	94.75
11131	21.1	94.8
11132	21.1	94.85
11133	21.1	94.9
11134	21.1	94.95
11135	21.1	95
11136	21.1	95.05
11137	21.1	95.1
11138	21.1	95.15
11139	21.1	95.2
11140	21.1	95.25
11141	21.1	95.3
11142	21.1	95.35
11143	21.1	95.4
11144	21.1	95.45
11145	21.1	95.5
11146	21.1	95.55
11147	21.1	95.6
11148	21.1	95.65
11149	21.1	95.7
11150	21.1	95.75
11151	21.1	95.8
11152	21.1	95.85
11153	21.1	95.9
11154	21.1	95.95
11155	21.1	96
11156	21.1	96.05
11157	21.1	96.1
11158	21.1	96.15
11159	21.1	96.2
11160	21.1	96.25
11161	21.1	96.3
11162	21.1	96.35
11163	21.1	96.4
11164	21.1	96.45
11165	21.1	96.5
11166	21.1	96.55
11167	21.1	96.6
11168	21.1	96.65
11169	21.1	96.7
11170	21.1	96.75
11171	21.1	96.8
11172	21.1	97.05
11173	21.1	97.1
11174	21.1	97.15
11175	21.1	97.2
11176	21.1	97.25
11177	21.05	93.75
11178	21.05	93.8
11179	21.05	93.85
11180	21.05	93.9
11181	21.05	93.95
11182	21.05	94
11183	21.05	94.05
11184	21.05	94.1
11185	21.05	94.15
11186	21.05	94.2
11187	21.05	94.25
11188	21.05	94.3
11189	21.05	94.35
11190	21.05	94.4
11191	21.05	94.45
11192	21.05	94.5
11193	21.05	94.55
11194	21.05	94.6
11195	21.05	94.65
11196	21.05	94.7
11197	21.05	94.75
11198	21.05	94.8
11199	21.05	94.85
11200	21.05	94.9
11201	21.05	94.95
11202	21.05	95
11203	21.05	95.05
11204	21.05	95.1
11205	21.05	95.15
11206	21.05	95.2
11207	21.05	95.25
11208	21.05	95.3
11209	21.05	95.35
11210	21.05	95.4
11211	21.05	95.45
11212	21.05	95.5
11213	21.05	95.55
11214	21.05	95.6
11215	21.05	95.65
11216	21.05	95.7
11217	21.05	95.75
11218	21.05	95.8
11219	21.05	95.85
11220	21.05	95.9
11221	21.05	95.95
11222	21.05	96
11223	21.05	96.05
11224	21.05	96.1
11225	21.05	96.15
11226	21.05	96.2
11227	21.05	96.25
11228	21.05	96.3
11229	21.05	96.35
11230	21.05	96.4
11231	21.05	96.45
11232	21.05	96.5
11233	21.05	96.55
11234	21.05	96.6
11235	21.05	96.65
11236	21.05	96.7
11237	21.05	96.75
11238	21.05	96.8
11239	21.05	97.1
11240	21.05	97.15
11241	21.05	97.2
11242	21.05	97.25
11243	21	93.75
11244	21	93.8
11245	21	93.85
11246	21	93.9
11247	21	93.95
11248	21	94
11249	21	94.05
11250	21	94.1
11251	21	94.15
11252	21	94.2
11253	21	94.25
11254	21	94.3
11255	21	94.35
11256	21	94.4
11257	21	94.45
11258	21	94.5
11259	21	94.55
11260	21	94.6
11261	21	94.65
11262	21	94.7
11263	21	94.75
11264	21	94.8
11265	21	94.85
11266	21	94.9
11267	21	94.95
11268	21	95
11269	21	95.05
11270	21	95.1
11271	21	95.15
11272	21	95.2
11273	21	95.25
11274	21	95.3
11275	21	95.35
11276	21	95.4
11277	21	95.45
11278	21	95.5
11279	21	95.55
11280	21	95.6
11281	21	95.65
11282	21	95.7
11283	21	95.75
11284	21	95.8
11285	21	95.85
11286	21	95.9
11287	21	95.95
11288	21	96
11289	21	96.05
11290	21	96.1
11291	21	96.15
11292	21	96.2
11293	21	96.25
11294	21	96.3
11295	21	96.35
11296	21	96.4
11297	21	96.45
11298	21	96.5
11299	21	96.55
11300	21	96.6
11301	21	96.65
11302	21	96.7
11303	21	96.75
11304	21	96.8
11305	21	97.1
11306	21	97.15
11307	21	97.2
11308	21	97.25
11309	20.95	93.75
11310	20.95	93.8
11311	20.95	93.85
11312	20.95	93.9
11313	20.95	93.95
11314	20.95	94
11315	20.95	94.05
11316	20.95	94.1
11317	20.95	94.15
11318	20.95	94.2
11319	20.95	94.25
11320	20.95	94.3
11321	20.95	94.35
11322	20.95	94.4
11323	20.95	94.45
11324	20.95	94.5
11325	20.95	94.55
11326	20.95	94.6
11327	20.95	94.65
11328	20.95	94.7
11329	20.95	94.75
11330	20.95	94.8
11331	20.95	94.85
11332	20.95	94.9
11333	20.95	94.95
11334	20.95	95
11335	20.95	95.05
11336	20.95	95.1
11337	20.95	95.15
11338	20.95	95.2
11339	20.95	95.25
11340	20.95	95.3
11341	20.95	95.35
11342	20.95	95.4
11343	20.95	95.45
11344	20.95	95.5
11345	20.95	95.55
11346	20.95	95.6
11347	20.95	95.65
11348	20.95	95.7
11349	20.95	95.75
11350	20.95	95.8
11351	20.95	95.85
11352	20.95	95.9
11353	20.95	95.95
11354	20.95	96
11355	20.95	96.05
11356	20.95	96.1
11357	20.95	96.15
11358	20.95	96.2
11359	20.95	96.25
11360	20.95	96.3
11361	20.95	96.35
11362	20.95	96.4
11363	20.95	96.45
11364	20.95	96.5
11365	20.95	96.55
11366	20.95	96.6
11367	20.95	96.65
11368	20.95	96.7
11369	20.95	96.75
11370	20.95	97.1
11371	20.95	97.15
11372	20.95	97.2
11373	20.95	97.25
11374	20.9	93.75
11375	20.9	93.8
11376	20.9	93.85
11377	20.9	93.9
11378	20.9	93.95
11379	20.9	94
11380	20.9	94.05
11381	20.9	94.1
11382	20.9	94.15
11383	20.9	94.2
11384	20.9	94.25
11385	20.9	94.3
11386	20.9	94.35
11387	20.9	94.4
11388	20.9	94.45
11389	20.9	94.5
11390	20.9	94.55
11391	20.9	94.6
11392	20.9	94.65
11393	20.9	94.7
11394	20.9	94.75
11395	20.9	94.8
11396	20.9	94.85
11397	20.9	94.9
11398	20.9	94.95
11399	20.9	95
11400	20.9	95.05
11401	20.9	95.1
11402	20.9	95.15
11403	20.9	95.2
11404	20.9	95.25
11405	20.9	95.3
11406	20.9	95.35
11407	20.9	95.4
11408	20.9	95.45
11409	20.9	95.5
11410	20.9	95.55
11411	20.9	95.6
11412	20.9	95.65
11413	20.9	95.7
11414	20.9	95.75
11415	20.9	95.8
11416	20.9	95.85
11417	20.9	95.9
11418	20.9	95.95
11419	20.9	96
11420	20.9	96.05
11421	20.9	96.1
11422	20.9	96.15
11423	20.9	96.2
11424	20.9	96.25
11425	20.9	96.3
11426	20.9	96.35
11427	20.9	96.4
11428	20.9	96.45
11429	20.9	96.5
11430	20.9	96.55
11431	20.9	96.65
11432	20.9	96.7
11433	20.9	97.1
11434	20.9	97.25
11435	20.85	93.75
11436	20.85	93.8
11437	20.85	93.85
11438	20.85	93.9
11439	20.85	93.95
11440	20.85	94
11441	20.85	94.05
11442	20.85	94.1
11443	20.85	94.15
11444	20.85	94.2
11445	20.85	94.25
11446	20.85	94.3
11447	20.85	94.35
11448	20.85	94.4
11449	20.85	94.45
11450	20.85	94.5
11451	20.85	94.55
11452	20.85	94.6
11453	20.85	94.65
11454	20.85	94.7
11455	20.85	94.75
11456	20.85	94.8
11457	20.85	94.85
11458	20.85	94.9
11459	20.85	94.95
11460	20.85	95
11461	20.85	95.05
11462	20.85	95.1
11463	20.85	95.15
11464	20.85	95.2
11465	20.85	95.25
11466	20.85	95.3
11467	20.85	95.35
11468	20.85	95.4
11469	20.85	95.45
11470	20.85	95.5
11471	20.85	95.55
11472	20.85	95.6
11473	20.85	95.65
11474	20.85	95.7
11475	20.85	95.75
11476	20.85	95.8
11477	20.85	95.85
11478	20.85	95.9
11479	20.85	95.95
11480	20.85	96
11481	20.85	96.05
11482	20.85	96.1
11483	20.85	96.15
11484	20.85	96.2
11485	20.85	96.25
11486	20.85	96.3
11487	20.85	96.35
11488	20.85	96.4
11489	20.85	96.45
11490	20.85	96.5
11491	20.85	96.55
11492	20.8	93.8
11493	20.8	93.85
11494	20.8	93.9
11495	20.8	93.95
11496	20.8	94
11497	20.8	94.05
11498	20.8	94.1
11499	20.8	94.15
11500	20.8	94.2
11501	20.8	94.25
11502	20.8	94.3
11503	20.8	94.35
11504	20.8	94.4
11505	20.8	94.45
11506	20.8	94.5
11507	20.8	94.55
11508	20.8	94.6
11509	20.8	94.65
11510	20.8	94.7
11511	20.8	94.75
11512	20.8	94.8
11513	20.8	94.85
11514	20.8	94.9
11515	20.8	94.95
11516	20.8	95
11517	20.8	95.05
11518	20.8	95.1
11519	20.8	95.15
11520	20.8	95.2
11521	20.8	95.25
11522	20.8	95.3
11523	20.8	95.35
11524	20.8	95.4
11525	20.8	95.45
11526	20.8	95.5
11527	20.8	95.55
11528	20.8	95.6
11529	20.8	95.65
11530	20.8	95.7
11531	20.8	95.75
11532	20.8	95.8
11533	20.8	95.85
11534	20.8	95.9
11535	20.8	95.95
11536	20.8	96
11537	20.8	96.05
11538	20.8	96.1
11539	20.8	96.15
11540	20.8	96.2
11541	20.8	96.25
11542	20.8	96.3
11543	20.8	96.35
11544	20.8	96.4
11545	20.8	96.45
11546	20.8	96.5
11547	20.8	96.55
11548	20.8	96.6
11549	20.75	93.85
11550	20.75	93.9
11551	20.75	93.95
11552	20.75	94
11553	20.75	94.05
11554	20.75	94.1
11555	20.75	94.15
11556	20.75	94.2
11557	20.75	94.25
11558	20.75	94.3
11559	20.75	94.35
11560	20.75	94.4
11561	20.75	94.45
11562	20.75	94.5
11563	20.75	94.55
11564	20.75	94.6
11565	20.75	94.65
11566	20.75	94.7
11567	20.75	94.75
11568	20.75	94.8
11569	20.75	94.85
11570	20.75	94.9
11571	20.75	94.95
11572	20.75	95
11573	20.75	95.05
11574	20.75	95.1
11575	20.75	95.15
11576	20.75	95.2
11577	20.75	95.25
11578	20.75	95.3
11579	20.75	95.35
11580	20.75	95.4
11581	20.75	95.45
11582	20.75	95.5
11583	20.75	95.55
11584	20.75	95.6
11585	20.75	95.65
11586	20.75	95.7
11587	20.75	95.75
11588	20.75	95.8
11589	20.75	95.85
11590	20.75	95.9
11591	20.75	95.95
11592	20.75	96
11593	20.75	96.05
11594	20.75	96.1
11595	20.75	96.15
11596	20.75	96.2
11597	20.75	96.25
11598	20.75	96.3
11599	20.75	96.35
11600	20.75	96.4
11601	20.75	96.45
11602	20.75	96.5
11603	20.75	96.55
11604	20.75	96.6
11605	20.7	93.85
11606	20.7	93.9
11607	20.7	93.95
11608	20.7	94
11609	20.7	94.05
11610	20.7	94.1
11611	20.7	94.15
11612	20.7	94.2
11613	20.7	94.25
11614	20.7	94.3
11615	20.7	94.35
11616	20.7	94.4
11617	20.7	94.45
11618	20.7	94.5
11619	20.7	94.55
11620	20.7	94.6
11621	20.7	94.65
11622	20.7	94.7
11623	20.7	94.75
11624	20.7	94.8
11625	20.7	94.85
11626	20.7	94.9
11627	20.7	94.95
11628	20.7	95
11629	20.7	95.05
11630	20.7	95.1
11631	20.7	95.15
11632	20.7	95.2
11633	20.7	95.25
11634	20.7	95.3
11635	20.7	95.35
11636	20.7	95.4
11637	20.7	95.45
11638	20.7	95.5
11639	20.7	95.55
11640	20.7	95.6
11641	20.7	95.65
11642	20.7	95.7
11643	20.7	95.75
11644	20.7	95.8
11645	20.7	95.85
11646	20.7	95.9
11647	20.7	95.95
11648	20.7	96
11649	20.7	96.05
11650	20.7	96.1
11651	20.7	96.15
11652	20.7	96.2
11653	20.7	96.25
11654	20.7	96.3
11655	20.7	96.35
11656	20.7	96.4
11657	20.7	96.45
11658	20.7	96.5
11659	20.7	96.55
11660	20.7	96.6
11661	20.65	93.9
11662	20.65	93.95
11663	20.65	94
11664	20.65	94.05
11665	20.65	94.1
11666	20.65	94.15
11667	20.65	94.2
11668	20.65	94.25
11669	20.65	94.3
11670	20.65	94.35
11671	20.65	94.4
11672	20.65	94.45
11673	20.65	94.5
11674	20.65	94.55
11675	20.65	94.6
11676	20.65	94.65
11677	20.65	94.7
11678	20.65	94.75
11679	20.65	94.8
11680	20.65	94.85
11681	20.65	94.9
11682	20.65	94.95
11683	20.65	95
11684	20.65	95.05
11685	20.65	95.1
11686	20.65	95.15
11687	20.65	95.2
11688	20.65	95.25
11689	20.65	95.3
11690	20.65	95.35
11691	20.65	95.4
11692	20.65	95.45
11693	20.65	95.5
11694	20.65	95.55
11695	20.65	95.6
11696	20.65	95.65
11697	20.65	95.7
11698	20.65	95.75
11699	20.65	95.8
11700	20.65	95.85
11701	20.65	95.9
11702	20.65	95.95
11703	20.65	96
11704	20.65	96.05
11705	20.65	96.1
11706	20.65	96.15
11707	20.65	96.2
11708	20.65	96.25
11709	20.65	96.3
11710	20.65	96.35
11711	20.65	96.4
11712	20.65	96.45
11713	20.65	96.5
11714	20.65	96.55
11715	20.6	93.9
11716	20.6	93.95
11717	20.6	94
11718	20.6	94.05
11719	20.6	94.1
11720	20.6	94.15
11721	20.6	94.2
11722	20.6	94.25
11723	20.6	94.3
11724	20.6	94.35
11725	20.6	94.4
11726	20.6	94.45
11727	20.6	94.5
11728	20.6	94.55
11729	20.6	94.6
11730	20.6	94.65
11731	20.6	94.7
11732	20.6	94.75
11733	20.6	94.8
11734	20.6	94.85
11735	20.6	94.9
11736	20.6	94.95
11737	20.6	95
11738	20.6	95.05
11739	20.6	95.1
11740	20.6	95.15
11741	20.6	95.2
11742	20.6	95.25
11743	20.6	95.3
11744	20.6	95.35
11745	20.6	95.4
11746	20.6	95.45
11747	20.6	95.5
11748	20.6	95.55
11749	20.6	95.6
11750	20.6	95.65
11751	20.6	95.7
11752	20.6	95.75
11753	20.6	95.8
11754	20.6	95.85
11755	20.6	95.9
11756	20.6	95.95
11757	20.6	96
11758	20.6	96.05
11759	20.6	96.1
11760	20.6	96.15
11761	20.6	96.2
11762	20.6	96.25
11763	20.6	96.3
11764	20.6	96.35
11765	20.6	96.4
11766	20.6	96.45
11767	20.6	96.5
11768	20.6	96.55
11769	20.55	93.95
11770	20.55	94
11771	20.55	94.05
11772	20.55	94.1
11773	20.55	94.15
11774	20.55	94.2
11775	20.55	94.25
11776	20.55	94.3
11777	20.55	94.35
11778	20.55	94.4
11779	20.55	94.45
11780	20.55	94.5
11781	20.55	94.55
11782	20.55	94.6
11783	20.55	94.65
11784	20.55	94.7
11785	20.55	94.75
11786	20.55	94.8
11787	20.55	94.85
11788	20.55	94.9
11789	20.55	94.95
11790	20.55	95
11791	20.55	95.05
11792	20.55	95.1
11793	20.55	95.15
11794	20.55	95.2
11795	20.55	95.25
11796	20.55	95.3
11797	20.55	95.35
11798	20.55	95.4
11799	20.55	95.45
11800	20.55	95.5
11801	20.55	95.55
11802	20.55	95.6
11803	20.55	95.65
11804	20.55	95.7
11805	20.55	95.75
11806	20.55	95.8
11807	20.55	95.85
11808	20.55	95.9
11809	20.55	95.95
11810	20.55	96
11811	20.55	96.05
11812	20.55	96.1
11813	20.55	96.15
11814	20.55	96.2
11815	20.55	96.25
11816	20.55	96.3
11817	20.55	96.4
11818	20.55	96.55
11819	20.5	94
11820	20.5	94.05
11821	20.5	94.1
11822	20.5	94.15
11823	20.5	94.2
11824	20.5	94.25
11825	20.5	94.3
11826	20.5	94.35
11827	20.5	94.4
11828	20.5	94.45
11829	20.5	94.5
11830	20.5	94.55
11831	20.5	94.6
11832	20.5	94.65
11833	20.5	94.7
11834	20.5	94.75
11835	20.5	94.8
11836	20.5	94.85
11837	20.5	94.9
11838	20.5	94.95
11839	20.5	95
11840	20.5	95.05
11841	20.5	95.1
11842	20.5	95.15
11843	20.5	95.2
11844	20.5	95.25
11845	20.5	95.3
11846	20.5	95.35
11847	20.5	95.4
11848	20.5	95.45
11849	20.5	95.5
11850	20.5	95.55
11851	20.5	95.6
11852	20.5	95.65
11853	20.5	95.7
11854	20.5	95.75
11855	20.5	95.8
11856	20.5	95.85
11857	20.5	95.9
11858	20.5	95.95
11859	20.5	96
11860	20.5	96.05
11861	20.5	96.1
11862	20.5	96.15
11863	20.5	96.2
11864	20.5	96.25
11865	20.5	96.55
11866	20.5	96.6
11867	20.45	94.05
11868	20.45	94.1
11869	20.45	94.15
11870	20.45	94.2
11871	20.45	94.25
11872	20.45	94.3
11873	20.45	94.35
11874	20.45	94.4
11875	20.45	94.45
11876	20.45	94.5
11877	20.45	94.55
11878	20.45	94.6
11879	20.45	94.65
11880	20.45	94.7
11881	20.45	94.75
11882	20.45	94.8
11883	20.45	94.85
11884	20.45	94.9
11885	20.45	94.95
11886	20.45	95
11887	20.45	95.05
11888	20.45	95.1
11889	20.45	95.15
11890	20.45	95.2
11891	20.45	95.25
11892	20.45	95.3
11893	20.45	95.35
11894	20.45	95.4
11895	20.45	95.45
11896	20.45	95.5
11897	20.45	95.55
11898	20.45	95.6
11899	20.45	95.65
11900	20.45	95.7
11901	20.45	95.75
11902	20.45	95.8
11903	20.45	95.85
11904	20.45	95.9
11905	20.45	95.95
11906	20.45	96
11907	20.45	96.05
11908	20.45	96.1
11909	20.45	96.15
11910	20.45	96.2
11911	20.45	96.25
11912	20.45	96.3
11913	20.45	96.35
11914	20.4	94.05
11915	20.4	94.1
11916	20.4	94.15
11917	20.4	94.2
11918	20.4	94.25
11919	20.4	94.3
11920	20.4	94.35
11921	20.4	94.4
11922	20.4	94.45
11923	20.4	94.5
11924	20.4	94.55
11925	20.4	94.6
11926	20.4	94.65
11927	20.4	94.7
11928	20.4	94.75
11929	20.4	94.8
11930	20.4	94.85
11931	20.4	94.9
11932	20.4	94.95
11933	20.4	95
11934	20.4	95.05
11935	20.4	95.1
11936	20.4	95.15
11937	20.4	95.2
11938	20.4	95.25
11939	20.4	95.3
11940	20.4	95.35
11941	20.4	95.4
11942	20.4	95.45
11943	20.4	95.5
11944	20.4	95.55
11945	20.4	95.6
11946	20.4	95.65
11947	20.4	95.7
11948	20.4	95.75
11949	20.4	95.8
11950	20.4	95.85
11951	20.4	95.9
11952	20.4	95.95
11953	20.4	96
11954	20.4	96.05
11955	20.4	96.1
11956	20.4	96.3
11957	20.4	96.35
11958	20.35	94.1
11959	20.35	94.15
11960	20.35	94.2
11961	20.35	94.25
11962	20.35	94.3
11963	20.35	94.35
11964	20.35	94.4
11965	20.35	94.45
11966	20.35	94.5
11967	20.35	94.55
11968	20.35	94.6
11969	20.35	94.65
11970	20.35	94.7
11971	20.35	94.75
11972	20.35	94.8
11973	20.35	94.85
11974	20.35	94.9
11975	20.35	94.95
11976	20.35	95
11977	20.35	95.05
11978	20.35	95.1
11979	20.35	95.15
11980	20.35	95.2
11981	20.35	95.25
11982	20.35	95.3
11983	20.35	95.35
11984	20.35	95.4
11985	20.35	95.45
11986	20.35	95.5
11987	20.35	95.55
11988	20.35	95.6
11989	20.35	95.65
11990	20.35	95.7
11991	20.35	96
11992	20.35	96.05
11993	20.3	94.15
11994	20.3	94.2
11995	20.3	94.25
11996	20.3	94.3
11997	20.3	94.35
11998	20.3	94.4
11999	20.3	94.45
12000	20.3	94.5
12001	20.3	94.55
12002	20.3	94.6
12003	20.3	94.65
12004	20.3	94.7
12005	20.3	94.75
12006	20.3	94.8
12007	20.3	94.85
12008	20.3	94.9
12009	20.3	94.95
12010	20.3	95
12011	20.3	95.05
12012	20.3	95.1
12013	20.3	95.15
12014	20.3	95.2
12015	20.3	95.25
12016	20.3	95.3
12017	20.3	95.35
12018	20.3	95.4
12019	20.3	95.45
12020	20.3	95.5
12021	20.3	95.55
12022	20.3	95.6
12023	20.3	95.65
12024	20.3	95.7
12025	20.25	94.15
12026	20.25	94.2
12027	20.25	94.25
12028	20.25	94.3
12029	20.25	94.35
12030	20.25	94.4
12031	20.25	94.45
12032	20.25	94.5
12033	20.25	94.55
12034	20.25	94.6
12035	20.25	94.65
12036	20.25	94.7
12037	20.25	94.75
12038	20.25	94.8
12039	20.25	94.85
12040	20.25	94.9
12041	20.25	94.95
12042	20.25	95
12043	20.25	95.05
12044	20.25	95.1
12045	20.25	95.15
12046	20.25	95.2
12047	20.25	95.25
12048	20.25	95.3
12049	20.25	95.35
12050	20.25	95.4
12051	20.25	95.45
12052	20.25	95.5
12053	20.25	95.55
12054	20.25	95.6
12055	20.25	95.65
12056	20.25	95.7
12057	20.25	95.75
12058	20.2	94.15
12059	20.2	94.2
12060	20.2	94.25
12061	20.2	94.3
12062	20.2	94.35
12063	20.2	94.4
12064	20.2	94.45
12065	20.2	94.5
12066	20.2	94.55
12067	20.2	94.6
12068	20.2	94.65
12069	20.2	94.7
12070	20.2	94.75
12071	20.2	94.8
12072	20.2	94.85
12073	20.2	94.9
12074	20.2	94.95
12075	20.2	95
12076	20.2	95.05
12077	20.2	95.1
12078	20.2	95.15
12079	20.2	95.2
12080	20.2	95.25
12081	20.2	95.3
12082	20.2	95.35
12083	20.2	95.4
12084	20.2	95.45
12085	20.2	95.5
12086	20.2	95.55
12087	20.2	95.6
12088	20.2	95.65
12089	20.2	95.7
12090	20.2	95.75
12091	20.15	94.2
12092	20.15	94.25
12093	20.15	94.3
12094	20.15	94.35
12095	20.15	94.4
12096	20.15	94.45
12097	20.15	94.5
12098	20.15	94.55
12099	20.15	94.6
12100	20.15	94.65
12101	20.15	94.7
12102	20.15	94.75
12103	20.15	94.8
12104	20.15	94.85
12105	20.15	94.9
12106	20.15	94.95
12107	20.15	95
12108	20.15	95.05
12109	20.15	95.1
12110	20.15	95.15
12111	20.15	95.2
12112	20.15	95.25
12113	20.15	95.3
12114	20.15	95.35
12115	20.15	95.4
12116	20.15	95.45
12117	20.15	95.5
12118	20.15	95.55
12119	20.15	95.6
12120	20.15	95.65
12121	20.15	95.7
12122	20.15	95.75
12123	20.15	95.8
12124	20.1	94.25
12125	20.1	94.3
12126	20.1	94.35
12127	20.1	94.4
12128	20.1	94.45
12129	20.1	94.5
12130	20.1	94.55
12131	20.1	94.6
12132	20.1	94.65
12133	20.1	94.7
12134	20.1	94.75
12135	20.1	94.8
12136	20.1	94.85
12137	20.1	94.9
12138	20.1	94.95
12139	20.1	95
12140	20.1	95.05
12141	20.1	95.1
12142	20.1	95.15
12143	20.1	95.2
12144	20.1	95.25
12145	20.1	95.3
12146	20.1	95.35
12147	20.1	95.4
12148	20.1	95.45
12149	20.1	95.5
12150	20.1	95.55
12151	20.1	95.6
12152	20.1	95.65
12153	20.1	95.7
12154	20.1	95.75
12155	20.1	95.8
12156	20.05	94.25
12157	20.05	94.3
12158	20.05	94.35
12159	20.05	94.4
12160	20.05	94.45
12161	20.05	94.5
12162	20.05	94.55
12163	20.05	94.6
12164	20.05	94.65
12165	20.05	94.7
12166	20.05	94.75
12167	20.05	94.8
12168	20.05	94.85
12169	20.05	94.9
12170	20.05	94.95
12171	20.05	95
12172	20.05	95.05
12173	20.05	95.1
12174	20.05	95.15
12175	20.05	95.2
12176	20.05	95.25
12177	20.05	95.3
12178	20.05	95.35
12179	20.05	95.4
12180	20.05	95.45
12181	20.05	95.5
12182	20.05	95.55
12183	20.05	95.6
12184	20.05	95.65
12185	20.05	95.7
12186	20.05	95.75
12187	20	94.25
12188	20	94.3
12189	20	94.35
12190	20	94.4
12191	20	94.45
12192	20	94.5
12193	20	94.55
12194	20	94.6
12195	20	94.65
12196	20	94.7
12197	20	94.75
12198	20	94.8
12199	20	94.85
12200	20	94.9
12201	20	94.95
12202	20	95
12203	20	95.05
12204	20	95.1
12205	20	95.15
12206	20	95.2
12207	20	95.25
12208	20	95.3
12209	20	95.35
12210	20	95.4
12211	20	95.45
12212	20	95.5
12213	20	95.55
12214	20	95.6
12215	20	95.65
12216	20	95.7
12217	20	95.75
12218	19.95	94.3
12219	19.95	94.35
12220	19.95	94.4
12221	19.95	94.45
12222	19.95	94.5
12223	19.95	94.55
12224	19.95	94.6
12225	19.95	94.65
12226	19.95	94.7
12227	19.95	94.75
12228	19.95	94.8
12229	19.95	94.85
12230	19.95	94.9
12231	19.95	94.95
12232	19.95	95
12233	19.95	95.05
12234	19.95	95.1
12235	19.95	95.15
12236	19.95	95.2
12237	19.95	95.25
12238	19.95	95.3
12239	19.95	95.35
12240	19.95	95.4
12241	19.95	95.45
12242	19.95	95.5
12243	19.95	95.55
12244	19.95	95.6
12245	19.95	95.65
12246	19.95	95.7
12247	19.95	95.75
12248	19.9	94.35
12249	19.9	94.4
12250	19.9	94.45
12251	19.9	94.5
12252	19.9	94.55
12253	19.9	94.6
12254	19.9	94.65
12255	19.9	94.7
12256	19.9	94.75
12257	19.9	94.8
12258	19.9	94.85
12259	19.9	94.9
12260	19.9	94.95
12261	19.9	95
12262	19.9	95.05
12263	19.9	95.1
12264	19.9	95.15
12265	19.9	95.2
12266	19.9	95.25
12267	19.9	95.3
12268	19.9	95.35
12269	19.9	95.4
12270	19.9	95.45
12271	19.9	95.5
12272	19.9	95.55
12273	19.9	95.6
12274	19.9	95.65
12275	19.9	95.7
12276	19.9	95.75
12277	19.85	94.35
12278	19.85	94.4
12279	19.85	94.45
12280	19.85	94.5
12281	19.85	94.55
12282	19.85	94.6
12283	19.85	94.65
12284	19.85	94.7
12285	19.85	94.75
12286	19.85	94.8
12287	19.85	94.85
12288	19.85	94.9
12289	19.85	94.95
12290	19.85	95
12291	19.85	95.05
12292	19.85	95.1
12293	19.85	95.15
12294	19.85	95.2
12295	19.85	95.25
12296	19.85	95.3
12297	19.85	95.35
12298	19.85	95.4
12299	19.85	95.45
12300	19.85	95.5
12301	19.85	95.55
12302	19.85	95.6
12303	19.85	95.65
12304	19.85	95.7
12305	19.85	95.75
12306	19.85	95.8
12307	19.8	94.3
12308	19.8	94.35
12309	19.8	94.4
12310	19.8	94.45
12311	19.8	94.5
12312	19.8	94.55
12313	19.8	94.6
12314	19.8	94.65
12315	19.8	94.7
12316	19.8	94.75
12317	19.8	94.8
12318	19.8	94.85
12319	19.8	94.9
12320	19.8	94.95
12321	19.8	95
12322	19.8	95.05
12323	19.8	95.1
12324	19.8	95.15
12325	19.8	95.2
12326	19.8	95.25
12327	19.8	95.3
12328	19.8	95.35
12329	19.8	95.4
12330	19.8	95.45
12331	19.8	95.5
12332	19.8	95.55
12333	19.8	95.6
12334	19.8	95.65
12335	19.8	95.7
12336	19.8	95.75
12337	19.75	94.35
12338	19.75	94.4
12339	19.75	94.45
12340	19.75	94.5
12341	19.75	94.55
12342	19.75	94.6
12343	19.75	94.65
12344	19.75	94.7
12345	19.75	94.75
12346	19.75	94.8
12347	19.75	94.85
12348	19.75	94.9
12349	19.75	94.95
12350	19.75	95
12351	19.75	95.05
12352	19.75	95.1
12353	19.75	95.15
12354	19.75	95.2
12355	19.75	95.25
12356	19.75	95.3
12357	19.75	95.35
12358	19.75	95.4
12359	19.75	95.45
12360	19.75	95.5
12361	19.75	95.55
12362	19.75	95.6
12363	19.75	95.65
12364	19.75	95.7
12365	19.75	95.75
12366	19.7	94.35
12367	19.7	94.4
12368	19.7	94.45
12369	19.7	94.5
12370	19.7	94.55
12371	19.7	94.6
12372	19.7	94.65
12373	19.7	94.7
12374	19.7	94.75
12375	19.7	94.8
12376	19.7	94.85
12377	19.7	94.9
12378	19.7	94.95
12379	19.7	95
12380	19.7	95.05
12381	19.7	95.1
12382	19.7	95.15
12383	19.7	95.2
12384	19.7	95.25
12385	19.7	95.3
12386	19.7	95.35
12387	19.7	95.4
12388	19.7	95.45
12389	19.7	95.5
12390	19.7	95.55
12391	19.7	95.6
12392	19.7	95.65
12393	19.7	95.7
12394	19.7	95.75
12395	19.65	94.35
12396	19.65	94.4
12397	19.65	94.45
12398	19.65	94.5
12399	19.65	94.55
12400	19.65	94.6
12401	19.65	94.65
12402	19.65	94.7
12403	19.65	94.75
12404	19.65	94.8
12405	19.65	94.85
12406	19.65	94.9
12407	19.65	94.95
12408	19.65	95
12409	19.65	95.05
12410	19.65	95.1
12411	19.65	95.15
12412	19.65	95.2
12413	19.65	95.25
12414	19.65	95.3
12415	19.65	95.35
12416	19.65	95.4
12417	19.65	95.45
12418	19.65	95.5
12419	19.65	95.55
12420	19.65	95.6
12421	19.65	95.65
12422	19.65	95.7
12423	19.6	94.35
12424	19.6	94.4
12425	19.6	94.45
12426	19.6	94.5
12427	19.6	94.55
12428	19.6	94.6
12429	19.6	94.65
12430	19.6	94.7
12431	19.6	94.75
12432	19.6	94.8
12433	19.6	94.85
12434	19.6	94.9
12435	19.6	94.95
12436	19.6	95
12437	19.6	95.05
12438	19.6	95.1
12439	19.6	95.15
12440	19.6	95.2
12441	19.6	95.25
12442	19.6	95.3
12443	19.6	95.35
12444	19.6	95.4
12445	19.6	95.45
12446	19.6	95.5
12447	19.6	95.55
12448	19.6	95.6
12449	19.6	95.65
12450	19.6	95.7
12451	19.55	94.4
12452	19.55	94.45
12453	19.55	94.5
12454	19.55	94.55
12455	19.55	94.6
12456	19.55	94.65
12457	19.55	94.7
12458	19.55	94.75
12459	19.55	94.8
12460	19.55	94.85
12461	19.55	94.9
12462	19.55	94.95
12463	19.55	95
12464	19.55	95.05
12465	19.55	95.1
12466	19.55	95.15
12467	19.55	95.2
12468	19.55	95.25
12469	19.55	95.3
12470	19.55	95.35
12471	19.55	95.4
12472	19.55	95.45
12473	19.55	95.5
12474	19.55	95.55
12475	19.55	95.6
12476	19.55	95.65
12477	19.55	95.7
12478	19.5	94.4
12479	19.5	94.45
12480	19.5	94.5
12481	19.5	94.55
12482	19.5	94.6
12483	19.5	94.65
12484	19.5	94.7
12485	19.5	94.75
12486	19.5	94.8
12487	19.5	94.85
12488	19.5	94.9
12489	19.5	94.95
12490	19.5	95
12491	19.5	95.05
12492	19.5	95.1
12493	19.5	95.15
12494	19.5	95.2
12495	19.5	95.25
12496	19.5	95.3
12497	19.5	95.35
12498	19.5	95.4
12499	19.5	95.45
12500	19.5	95.5
12501	19.5	95.55
12502	19.5	95.6
12503	19.5	95.65
12504	19.5	95.7
12505	19.45	94.45
12506	19.45	94.5
12507	19.45	94.55
12508	19.45	94.6
12509	19.45	94.65
12510	19.45	94.7
12511	19.45	94.75
12512	19.45	94.8
12513	19.45	94.85
12514	19.45	94.9
12515	19.45	94.95
12516	19.45	95
12517	19.45	95.05
12518	19.45	95.1
12519	19.45	95.15
12520	19.45	95.2
12521	19.45	95.25
12522	19.45	95.3
12523	19.45	95.35
12524	19.45	95.4
12525	19.45	95.45
12526	19.45	95.5
12527	19.45	95.55
12528	19.45	95.6
12529	19.45	95.65
12530	19.45	95.7
12531	19.45	95.75
12532	19.45	95.8
12533	19.4	94.5
12534	19.4	94.55
12535	19.4	94.6
12536	19.4	94.65
12537	19.4	94.7
12538	19.4	94.75
12539	19.4	94.8
12540	19.4	94.85
12541	19.4	94.9
12542	19.4	94.95
12543	19.4	95
12544	19.4	95.05
12545	19.4	95.1
12546	19.4	95.15
12547	19.4	95.2
12548	19.4	95.25
12549	19.4	95.3
12550	19.4	95.35
12551	19.4	95.4
12552	19.4	95.45
12553	19.4	95.5
12554	19.4	95.55
12555	19.4	95.6
12556	19.4	95.65
12557	19.4	95.7
12558	19.4	95.75
12559	19.4	95.8
12560	19.35	94.55
12561	19.35	94.6
12562	19.35	94.65
12563	19.35	94.7
12564	19.35	94.75
12565	19.35	94.8
12566	19.35	94.85
12567	19.35	94.9
12568	19.35	94.95
12569	19.35	95
12570	19.35	95.05
12571	19.35	95.1
12572	19.35	95.15
12573	19.35	95.2
12574	19.35	95.25
12575	19.35	95.3
12576	19.35	95.35
12577	19.35	95.4
12578	19.35	95.45
12579	19.35	95.5
12580	19.35	95.55
12581	19.35	95.6
12582	19.35	95.65
12583	19.35	95.7
12584	19.35	95.75
12585	19.35	95.8
12586	19.3	94.55
12587	19.3	94.6
12588	19.3	94.65
12589	19.3	94.7
12590	19.3	94.75
12591	19.3	94.8
12592	19.3	94.85
12593	19.3	94.9
12594	19.3	94.95
12595	19.3	95
12596	19.3	95.05
12597	19.3	95.1
12598	19.3	95.15
12599	19.3	95.2
12600	19.3	95.25
12601	19.3	95.3
12602	19.3	95.35
12603	19.3	95.4
12604	19.3	95.45
12605	19.3	95.5
12606	19.3	95.55
12607	19.3	95.6
12608	19.3	95.65
12609	19.3	95.7
12610	19.3	95.75
12611	19.3	95.8
12612	19.3	95.85
12613	19.25	94.5
12614	19.25	94.55
12615	19.25	94.6
12616	19.25	94.65
12617	19.25	94.7
12618	19.25	94.75
12619	19.25	94.8
12620	19.25	94.85
12621	19.25	94.9
12622	19.25	94.95
12623	19.25	95
12624	19.25	95.05
12625	19.25	95.1
12626	19.25	95.15
12627	19.25	95.2
12628	19.25	95.25
12629	19.25	95.3
12630	19.25	95.35
12631	19.25	95.4
12632	19.25	95.45
12633	19.25	95.5
12634	19.25	95.55
12635	19.25	95.6
12636	19.25	95.65
12637	19.25	95.7
12638	19.25	95.75
12639	19.25	95.8
12640	19.2	94.55
12641	19.2	94.6
12642	19.2	94.65
12643	19.2	94.7
12644	19.2	94.75
12645	19.2	94.8
12646	19.2	94.85
12647	19.2	94.9
12648	19.2	94.95
12649	19.2	95
12650	19.2	95.05
12651	19.2	95.1
12652	19.2	95.15
12653	19.2	95.2
12654	19.2	95.25
12655	19.2	95.3
12656	19.2	95.35
12657	19.2	95.4
12658	19.2	95.45
12659	19.2	95.5
12660	19.2	95.55
12661	19.2	95.6
12662	19.2	95.65
12663	19.2	95.7
12664	19.2	95.75
12665	19.2	95.8
12666	19.15	94.55
12667	19.15	94.6
12668	19.15	94.65
12669	19.15	94.7
12670	19.15	94.75
12671	19.15	94.8
12672	19.15	94.85
12673	19.15	94.9
12674	19.15	94.95
12675	19.15	95
12676	19.15	95.05
12677	19.15	95.1
12678	19.15	95.15
12679	19.15	95.2
12680	19.15	95.25
12681	19.15	95.3
12682	19.15	95.35
12683	19.15	95.4
12684	19.15	95.45
12685	19.15	95.5
12686	19.15	95.55
12687	19.15	95.6
12688	19.15	95.65
12689	19.15	95.7
12690	19.15	95.75
12691	19.15	95.8
12692	19.1	94.65
12693	19.1	94.7
12694	19.1	94.75
12695	19.1	94.8
12696	19.1	94.85
12697	19.1	94.9
12698	19.1	94.95
12699	19.1	95
12700	19.1	95.05
12701	19.1	95.1
12702	19.1	95.15
12703	19.1	95.2
12704	19.1	95.25
12705	19.1	95.3
12706	19.1	95.35
12707	19.1	95.4
12708	19.1	95.45
12709	19.1	95.5
12710	19.1	95.55
12711	19.1	95.6
12712	19.1	95.65
12713	19.1	95.7
12714	19.1	95.75
12715	19.1	95.8
12716	19.05	94.7
12717	19.05	94.75
12718	19.05	94.8
12719	19.05	94.85
12720	19.05	94.9
12721	19.05	94.95
12722	19.05	95
12723	19.05	95.05
12724	19.05	95.1
12725	19.05	95.15
12726	19.05	95.2
12727	19.05	95.25
12728	19.05	95.3
12729	19.05	95.35
12730	19.05	95.4
12731	19.05	95.45
12732	19.05	95.5
12733	19.05	95.55
12734	19.05	95.6
12735	19.05	95.65
12736	19.05	95.7
12737	19.05	95.75
12738	19.05	95.8
12739	19	94.7
12740	19	94.75
12741	19	94.8
12742	19	94.85
12743	19	94.9
12744	19	94.95
12745	19	95
12746	19	95.05
12747	19	95.1
12748	19	95.15
12749	19	95.2
12750	19	95.25
12751	19	95.3
12752	19	95.35
12753	19	95.4
12754	19	95.45
12755	19	95.5
12756	19	95.55
12757	19	95.6
12758	19	95.65
12759	19	95.7
12760	19	95.75
12761	19	95.8
12762	19	95.85
12763	18.95	94.9
12764	18.95	94.95
12765	18.95	95
12766	18.95	95.05
12767	18.95	95.1
12768	18.95	95.15
12769	18.95	95.2
12770	18.95	95.25
12771	18.95	95.3
12772	18.95	95.35
12773	18.95	95.4
12774	18.95	95.45
12775	18.95	95.5
12776	18.95	95.55
12777	18.95	95.6
12778	18.95	95.65
12779	18.95	95.7
12780	18.95	95.75
12781	18.95	95.8
12782	18.9	95.05
12783	18.9	95.1
12784	18.9	95.15
12785	18.9	95.2
12786	18.9	95.25
12787	18.9	95.3
12788	18.9	95.35
12789	18.9	95.4
12790	18.9	95.5
12791	18.9	95.55
12792	18.9	95.6
12793	18.9	95.65
12794	18.9	95.7
12795	18.9	95.75
12796	18.9	95.8
12797	18.9	95.85
12798	18.85	95.05
12799	18.85	95.2
12800	18.85	95.25
12801	18.85	95.3
12802	18.85	95.35
12803	18.85	95.55
12804	18.85	95.6
12805	18.85	95.65
12806	18.85	95.7
12807	18.85	95.75
12808	18.85	95.8
12809	18.85	95.85
12810	18.8	95.25
12811	18.8	95.3
